=~=~=~=~=~=~=~=~=~=~=~= PuTTY log 2026.09.03 18:20:46 =~=~=~=~=~=~=~=~=~=~=~=
[INFO] read_from_dt: persisted_state_header present=false, sidecar=Enabled { enable_logging: false, cpu_threshold: Some(100) }
[INFO] reading topology from host device tree
[INFO] host provided vtl2 ram size is 28000000, measured size is 28000000
[INFO] allocating vtl2 mmio size 0x10000000 bytes
[INFO] host provided vtl2 mmio ranges are 0x0 bytes
[INFO] no vtl2 mmio provided by host, allocating from vtl0 mmio
[INFO] vtl0 mmio: [MemoryRange { start: f8000000, end: fffff000 }, MemoryRange { start: fe0000000, end: ff0000000 }], vtl2 mmio: [MemoryRange { start: ff0000000, end: 1000000000 }]
[INFO] reclaim device tree memory d290000-d2d0000
[INFO] persisted state region sized to MemoryRange {
    start: 0x8000000,
    end: 0x8014000,
}, remainder MemoryRange {
    start: 0x8014000,
    end: 0x8200000,
}
[INFO] openhcl_boot: logging enabled
[INFO] PartitionInfo: Host, VmbusInfo { mmio: [MemoryRange { start: f8000000, end: fffff000 }, MemoryRange { start: fe0000000, end: ff0000000 }], connection_id: 1 }, VmbusInfo { mmio: [MemoryRange { start: ff0000000, end: 1000000000 }], connection_id: 800074 }, [MemoryEntry { range: MemoryRange { start: 8000000, end: 30000000 }, mem_type: VTL2_PROTECTABLE, vnode: 0 }]
[INFO] memory_start_address: 8000000
[INFO] vtl2_reserved_region_start: d264000
[INFO] vtl2_reserved_region_size: 4000
[INFO] boot_shim_params: ShimParams { kernel_entry_address: 8c958e0, cmdline_base: d263000, initrd_base: 970c000, initrd_size: 3b5499d, initrd_crc: 93121ae5, memory_start_address: 8000000, memory_size: 28000000, parameter_region_start: d268000, parameter_region_size: 6a000, vtl2_reserved_region_start: d264000, vtl2_reserved_region_size: 4000, isolation_type: Tdx, sidecar_entry_address: 0, sidecar_base: 9600000, sidecar_size: 0, used: MemoryRange { start: 8000000, end: d2ef000 }, bounce_buffer: Some(MemoryRange { start: 8200000, end: 8400000 }), log_buffer: MemoryRange { start: d2d2000, end: d2d4000 }, heap: MemoryRange { start: d2d4000, end: d2e4000 }, persisted_state: MemoryRange { start: 8000000, end: 8200000 } }
[INFO] setup_vtl2_memory: isolation type: Tdx

[INFO] setup_vtl2_memory: accept_vtl2_memory1: range MemoryRange { start: 8000000, end: 8400000 }

[INFO] setup_vtl2_memory: accept_vtl2_memory1: range MemoryRange { start: 8b61000, end: 8c00000 }

[INFO] setup_vtl2_memory: accept_vtl2_memory1: range MemoryRange { start: 961a000, end: 961b000 }

[INFO] setup_vtl2_memory: accept_vtl2_memory1: range MemoryRange { start: d264000, end: d268000 }

[INFO] setup_vtl2_memory: accept_vtl2_memory1: range MemoryRange { start: d2ef000, end: 30000000 }

[INFO] setup_vtl2_memory: Imported regions

[INFO] setup_vtl2_memory: accept_pending_vtl2_memory: range MemoryRange { start: 8400000, end: 8b61000 }

[INFO] tdcall::accept_pages reached PAGE_SIZE_MISMATCH
[INFO] setup_vtl2_memory: accept_pending_vtl2_memory: range MemoryRange { start: 8c00000, end: 9600000 }

[INFO] setup_vtl2_memory: accept_pending_vtl2_memory: range MemoryRange { start: 970c000, end: d261000 }

[INFO] setup_vtl2_memory: page tables

[INFO] release_pages: 0x8200000-0x8400000
[INFO] vmbus_vtl2: VmbusInfo { mmio: [MemoryRange { start: ff0000000, end: 1000000000 }], connection_id: 800074 }
[INFO] vmbus.mmio: [MemoryRange { start: ff0000000, end: 1000000000 }]
[INFO] allocation_mode: Host
[INFO] Adding VTl0 and Vtl2 mmio ranges:
[INFO] vtl0: f8000000 - 7fff000
[INFO] vtl0: fe0000000 - 10000000
[INFO] vtl2: ff0000000 - 10000000
[INFO] uninitializing hypercalls, about to jump to kernel
<6>[    0.000000] tdx: Guest detected
<6>[    0.000000] tdx: Attributes: SEPT_VE_DISABLE
<6>[    0.000000] tdx: TD_CTLS: PENDING_VE_DISABLE ENUM_TOPOLOGY VIRT_CPUID2 REDUCE_VE
<5>[    0.000000] Linux version 6.18.0-microsoft-hcl+ (root@avg-wbms-ctrl) (gcc (Ubuntu 11.4.0-1ubuntu1~22.04.2) 11.4.0, GNU ld (GNU Binutils for Ubuntu) 2.38) #1 SMP PREEMPT_DYNAMIC Thu Jul 23 16:24:48 PDT 2026
<6>[    0.000000] Command line: loglevel=8 log_buf_len=128K printk.time=1 console_msg_format=syslog uio_hv_generic.no_mask=1 coredump_filter=0x33 cpufreq.off=1 cpuidle.off=1 cryptomgr.notests idle=halt initcall_blacklist=init_real_mode,sbf_init lpj=3000000 no_timer_check noxsave oops=panic panic_on_warn=0 panic_print=0 panic=-1 printk.devkmsg=on reboot=t rootfstype=tmpfs sysctl.vm.compaction_proactiveness=0 tsc=reliable unknown_nmi_panic=1 vfio_pci.ids=1414:00ba vfio.enable_unsafe_noiommu_mode=1 rdinit=/underhill-init OPENHCL_NVME_VFIO=1 hv_storvsc.storvsc_vcpus_per_sub_channel=2048 hv_storvsc.storvsc_max_hw_queues=2 hv_storvsc.storvsc_ringbuffer_size=0x8000 MIMALLOC_ARENA_EAGER_COMMIT=0 acpi=off clearcpuid=pcid iommu=off pci=off swiotlb=4096,1 console=ttyS2,115200 OPENHCL_CONFIDENTIAL=1 OPENHCL_CONFIDENTIAL_DEBUG=1 OPENHCL_NVME_KEEP_ALIVE=disabled,host,noprivatepool hv_vmbus.message_connection_id=0x800074 OPENHCL_CONFIDENTIAL_DEBUG=1 console=ttynull earlyprintk=mshvdbg_tdx,keep OPENHCL_BOOT_LOG=1 
<6>[    0.000000] KERNEL supported cpus:
<6>[    0.000000]   Intel GenuineIntel
<6>[    0.000000]   AMD AuthenticAMD
<4>[    0.000000] clearcpuid: force-disabling CPU feature flag: pcid
<4>[    0.000000] !!! setcpuid=/clearcpuid= in use, this is for TESTING ONLY, may break things horribly. Tainting kernel.
<6>[    0.000000] x86/split lock detection: #DB: warning on user-space bus_locks
<6>[    0.000000] BIOS-provided physical RAM map:
<6>[    0.000000] BIOS-e820: [mem 0x0000000008000000-0x0000000008013fff] reserved
<6>[    0.000000] BIOS-e820: [mem 0x0000000008014000-0x000000000d263fff] usable
<6>[    0.000000] BIOS-e820: [mem 0x000000000d264000-0x000000000d28ffff] reserved
<6>[    0.000000] BIOS-e820: [mem 0x000000000d290000-0x000000000d2cffff] usable
<6>[    0.000000] BIOS-e820: [mem 0x000000000d2d0000-0x000000000d2d3fff] reserved
<6>[    0.000000] BIOS-e820: [mem 0x000000000d2d4000-0x000000000d3fffff] usable
<6>[    0.000000] BIOS-e820: [mem 0x000000000d400000-0x000000000d413fff] reserved
<6>[    0.000000] BIOS-e820: [mem 0x000000000d414000-0x000000002fffffff] usable
<6>[    0.000000] software IO TLB: area num 1.
<6>[    0.000000] NX (Execute Disable) protection: active
<6>[    0.000000] APIC: Static calls initialized
<6>[    0.000000] Hypervisor detected: Microsoft Hyper-V
<6>[    0.000000] Hyper-V: privilege flags low 0xae7f, high 0x638030, ext 0x42, hints 0xb62e24, misc 0xe0be45a2
<6>[    0.000000] Hyper-V: Isolation Config: Group A 0x0, Group B 0x3
<6>[    0.000000] Hyper-V: Nested features: 0x0
<6>[    0.000000] Hyper-V: LAPIC Timer Frequency: 0x1e8480
<6>[    0.000000] clocksource: hyperv_clocksource_msr: mask: 0xffffffffffffffff max_cycles: 0x24e6a1710, max_idle_ns: 440795202120 ns
<6>[    0.000000] Linux runs in Hyper-V Virtual Trust Level 0
<6>[    0.000000] tsc: Detected 2899.996 MHz processor
<7>[    0.000003] e820: update [mem 0x00000000-0x00000fff] usable ==> reserved
<7>[    0.000005] e820: remove [mem 0x000a0000-0x000fffff] usable
<6>[    0.000009] last_pfn = 0x30000 max_arch_pfn = 0x1000000000
<6>[    0.000010] x86/PAT: PAT support disabled because CONFIG_X86_PAT is disabled in the kernel.
<6>[    0.000013] x86/PAT: Configuration [0-7]: WB  WT  UC- UC  WB  WT  UC- UC  
<6>[    0.000027] x2apic: enabled by BIOS, switching to x2apic ops
<6>[    0.000070] Using GB pages for direct mapping
<6>[    0.000478] printk: log buffer data + meta data: 131072 + 458752 = 589824 bytes
<6>[    0.000480] printk: early log buf free: 12944(79%)
<6>[    0.000481] RAMDISK: [mem 0x0970c000-0x0d260fff]
<3>[    0.000520] OF: reserved mem: Reserved memory: unsupported node format, ignoring
<6>[    0.000665] NODE_DATA(0) allocated [mem 0x2ff5b000-0x2ff5f87f]
<6>[    0.000717] Zone ranges:
<6>[    0.000718]   DMA      empty
<6>[    0.000720]   DMA32    [mem 0x0000000008014000-0x000000002fffffff]
<6>[    0.000721]   Normal   empty
<6>[    0.000722]   Device   empty
<6>[    0.000723] Movable zone start for each node
<6>[    0.000724] Early memory node ranges
<6>[    0.000724]   node   0: [mem 0x0000000008014000-0x000000000d263fff]
<6>[    0.000726]   node   0: [mem 0x000000000d290000-0x000000000d2cffff]
<6>[    0.000727]   node   0: [mem 0x000000000d2d4000-0x000000000d3fffff]
<6>[    0.000727]   node   0: [mem 0x000000000d414000-0x000000002fffffff]
<6>[    0.000728] Initmem setup node 0 [mem 0x0000000008014000-0x000000002fffffff]
<6>[    0.001078] On node 0, zone DMA32: 20 pages in unavailable ranges
<6>[    0.001083] On node 0, zone DMA32: 44 pages in unavailable ranges
<6>[    0.001088] On node 0, zone DMA32: 4 pages in unavailable ranges
<6>[    0.003273] On node 0, zone DMA32: 20 pages in unavailable ranges
<6>[    0.003398] APIC: Switched APIC routing to: physical x2apic
<6>[    0.003402] IMCR and PIC compatibility mode.
<6>[    0.003429] APIC: wakeup_secondary_cpu_64() replaced with acpi_wakeup_cpu()
<6>[    0.003446] CPU topo: Max. logical packages:   1
<6>[    0.003447] CPU topo: Max. logical dies:       1
<6>[    0.003447] CPU topo: Max. dies per package:   1
<6>[    0.003452] CPU topo: Max. threads per core:   2
<6>[    0.003453] CPU topo: Num. cores per package:     2
<6>[    0.003454] CPU topo: Num. threads per package:   4
<6>[    0.003454] CPU topo: Allowing 4 present CPUs plus 0 hotplug CPUs
<6>[    0.003465] [mem 0x30000000-0xffffffff] available for PCI devices
<6>[    0.003467] Booting paravirtualized kernel on Hyper-V
<6>[    0.003472] clocksource: refined-jiffies: mask: 0xffffffff max_cycles: 0xffffffff, max_idle_ns: 19112604462750000 ns
<6>[    0.003483] setup_percpu: NR_CPUS:2048 nr_cpumask_bits:4 nr_cpu_ids:4 nr_node_ids:1
<6>[    0.004096] percpu: Embedded 47 pages/cpu s155648 r8192 d28672 u524288
<7>[    0.004102] pcpu-alloc: s155648 r8192 d28672 u524288 alloc=1*2097152
<7>[    0.004106] pcpu-alloc: [0] 0 1 2 3 
<6>[    0.004124] Hyper-V: PV spinlocks enabled
<6>[    0.004128] PV qspinlock hash table entries: 256 (order: 0, 4096 bytes, linear)
<5>[    0.004132] Kernel command line: loglevel=8 log_buf_len=128K printk.time=1 console_msg_format=syslog uio_hv_generic.no_mask=1 coredump_filter=0x33 cpufreq.off=1 cpuidle.off=1 cryptomgr.notests idle=halt initcall_blacklist=init_real_mode,sbf_init lpj=3000000 no_timer_check noxsave oops=panic panic_on_warn=0 panic_print=0 panic=-1 printk.devkmsg=on reboot=t rootfstype=tmpfs sysctl.vm.compaction_proactiveness=0 tsc=reliable unknown_nmi_panic=1 vfio_pci.ids=1414:00ba vfio.enable_unsafe_noiommu_mode=1 rdinit=/underhill-init OPENHCL_NVME_VFIO=1 hv_storvsc.storvsc_vcpus_per_sub_channel=2048 hv_storvsc.storvsc_max_hw_queues=2 hv_storvsc.storvsc_ringbuffer_size=0x8000 MIMALLOC_ARENA_EAGER_COMMIT=0 acpi=off clearcpuid=pcid iommu=off pci=off swiotlb=4096,1 console=ttyS2,115200 OPENHCL_CONFIDENTIAL=1 OPENHCL_CONFIDENTIAL_DEBUG=1 OPENHCL_NVME_KEEP_ALIVE=disabled,host,noprivatepool hv_vmbus.message_connection_id=0x800074 OPENHCL_CONFIDENTIAL_DEBUG=1 console=ttynull earlyprintk=mshvdbg_tdx,keep OPENHCL_BOOT_LOG=1 
<7>[    0.004199] blacklisting initcall init_real_mode
<7>[    0.004200] blacklisting initcall sbf_init
<6>[    0.004219] Kernel: The 'panic_print' parameter is now deprecated. Please use 'panic_sys_info' and 'panic_console_replay' instead.
<5>[    0.004333] Unknown kernel command line parameters "OPENHCL_NVME_VFIO=1 MIMALLOC_ARENA_EAGER_COMMIT=0 OPENHCL_CONFIDENTIAL=1 OPENHCL_CONFIDENTIAL_DEBUG=1 OPENHCL_NVME_KEEP_ALIVE=disabled,host,noprivatepool OPENHCL_BOOT_LOG=1", will be passed to user space.
<5>[    0.004359] random: crng init done
<6>[    0.004618] Dentry cache hash table entries: 131072 (order: 8, 1048576 bytes, linear)
<6>[    0.004748] Inode-cache hash table entries: 65536 (order: 7, 524288 bytes, linear)
<6>[    0.008611] Fallback order for Node 0: 0 
<6>[    0.008620] Built 1 zonelists, mobility grouping on.  Total pages: 163752
<6>[    0.008622] Policy zone: DMA32
<6>[    0.008624] mem auto-init: stack:off, heap alloc:off, heap free:off
<6>[    0.010682] SLUB: HWalign=64, Order=0-3, MinObjects=0, CPUs=4, Nodes=1
<6>[    0.011273] Dynamic Preempt: none
<6>[    0.011348] rcu: Preemptible hierarchical RCU implementation.
<6>[    0.011350] rcu: 	RCU restricting CPUs from NR_CPUS=2048 to nr_cpu_ids=4.
<6>[    0.011354] rcu: RCU calculated value of scheduler-enlistment delay is 10 jiffies.
<6>[    0.011356] rcu: Adjusting geometry for rcu_fanout_leaf=16, nr_cpu_ids=4
<6>[    0.011411] Using NULL legacy PIC
<6>[    0.011412] NR_IRQS: 131328, nr_irqs: 80, preallocated irqs: 0
<6>[    0.011460] rcu: srcu_init: Setting srcu_struct sizes based on contention.
<4>[    0.011463] Persistent clock returned invalid value
<6>[    0.012411] printk: legacy console [ttyS2] enabled
<6>[    1.525906] APIC: Switch to symmetric I/O mode setup
<6>[    1.534566] Hyper-V: Host Build 10.0.29601.1000-1-0
<6>[    1.540502] tdx: TDG.SYS.RD TD_FEATURES0 = 0x5bdbfb6f3f0fff
<6>[    1.547673] tdx: Releasing page range: 0xd440000 - 0xd442000
<6>[    1.558388] Hyper-V: Using IPI hypercalls
<6>[    1.565848] APIC: send_IPI() replaced with hv_send_ipi()
<6>[    1.574388] APIC: send_IPI_mask() replaced with hv_send_ipi_mask()
<6>[    1.585813] APIC: send_IPI_mask_allbutself() replaced with hv_send_ipi_mask_allbutself()
<6>[    1.600614] APIC: send_IPI_allbutself() replaced with hv_send_ipi_allbutself()
<6>[    1.619905] APIC: send_IPI_all() replaced with hv_send_ipi_all()
<6>[    1.633137] APIC: send_IPI_self() replaced with hv_send_ipi_self()
<6>[    1.647305] clocksource: tsc-early: mask: 0xffffffffffffffff max_cycles: 0x29cd3f11233, max_idle_ns: 440795209838 ns
<6>[    1.665716] Calibrating delay loop (skipped) preset value.. 600.00 BogoMIPS (lpj=3000000)
<6>[    1.675709] x86/cpu: User Mode Instruction Prevention (UMIP) activated
<6>[    1.675709] Last level iTLB entries: 4KB 0, 2MB 0, 4MB 0
<6>[    1.675709] Last level dTLB entries: 4KB 0, 2MB 0, 4MB 0, 1GB 0
<6>[    1.675709] process: using TDX aware idle routine
<6>[    1.675709] mitigations: Enabled attack vectors: user_kernel, user_user, SMT mitigations: auto
<6>[    1.675709] Speculative Store Bypass: Vulnerable
<6>[    1.675709] Spectre V2 : Vulnerable
<6>[    1.675709] Spectre V2 : User space: Vulnerable
<6>[    1.675709] Spectre V1 : Vulnerable: __user pointer sanitization and usercopy barriers only; no swapgs barriers
<6>[    1.675709] x86/fpu: x87 FPU will use FXSAVE
<6>[    1.675709] Freeing SMP alternatives memory: 20K
<6>[    1.675709] tdx: TDG.SYS.RD TD_FEATURES0 = 0x5bdbfb6f3f0fff
<6>[    1.675709] tdx: Releasing page range: 0x2e800000 - 0x2f000000
<6>[    1.675709] Memory Encryption Features active: Intel TDX
<6>[    1.675709] pid_max: default: 32768 minimum: 301
<6>[    1.675709] Mount-cache hash table entries: 2048 (order: 2, 16384 bytes, linear)
<6>[    1.675709] Mountpoint-cache hash table entries: 2048 (order: 2, 16384 bytes, linear)
<6>[    1.675709] smpboot: CPU0: Intel TDX (family: 0x6, model: 0xad, stepping: 0x1)
<6>[    1.675911] Performance Events: unsupported CPU family 6 model 173 no PMU driver, software events only.
<6>[    1.685795] signal: max sigframe size: 1040
<6>[    1.695827] rcu: Hierarchical SRCU implementation.
<6>[    1.705712] rcu: 	Max phase no-delay instances is 1000.
<6>[    1.715779] Timer migration: 1 hierarchy levels; 8 children per group; 1 crossnode level
<6>[    1.725809] smp: Bringing up secondary CPUs ...
<6>[    1.735712] smpboot: Parallel CPU startup disabled by the platform
<6>[    1.745819] smpboot: x86: Booting SMP configuration:
<6>[    1.755713] .... node  #0, CPUs:      #1
<6>[    1.755783] tdx: TDG.SYS.RD TD_FEATURES0 = 0x5bdbfb6f3f0fff
<6>[    1.785711] tdx: Releasing page range: 0xd4f8000 - 0xd4fa000
<4>[    1.836016]  #2
<6>[    1.836016] tdx: TDG.SYS.RD TD_FEATURES0 = 0x5bdbfb6f3f0fff
<6>[    1.865713] tdx: Releasing page range: 0x8148000 - 0x814a000
<4>[    1.885850]  #3
<6>[    1.885929] tdx: TDG.SYS.RD TD_FEATURES0 = 0x5bdbfb6f3f0fff
<6>[    1.895253] tdx: Releasing page range: 0x8180000 - 0x8182000
<6>[    1.895916] smp: Brought up 1 node, 4 CPUs
<6>[    1.905718] smpboot: Total of 4 processors activated (2400.00 BogoMIPS)
<6>[    1.916134] Memory: 556904K/655008K available (4804K kernel code, 505K rwdata, 1412K rodata, 1004K init, 2524K bss, 94900K reserved, 0K cma-reserved)
<6>[    1.925902] devtmpfs: initialized
<6>[    1.946132] x86/mm: Memory block size: 128MB
<6>[    1.956061] clocksource: jiffies: mask: 0xffffffff max_cycles: 0xffffffff, max_idle_ns: 19112604462750000 ns
<6>[    1.965728] posixtimers hash table entries: 2048 (order: 3, 32768 bytes, linear)
<6>[    1.975755] futex hash table entries: 1024 (65536 bytes on 1 NUMA nodes, total 64 KiB, linear).
<6>[    1.985820] NET: Registered PF_NETLINK/PF_ROUTE protocol family
<6>[    1.996364] tdx: TDG.SYS.RD TD_FEATURES0 = 0x5bdbfb6f3f0fff
<6>[    2.005718] tdx: Releasing page range: 0xd540000 - 0xd560000
<6>[    2.016193] DMA: preallocated 128 KiB GFP_KERNEL pool for atomic allocations
<6>[    2.026166] tdx: TDG.SYS.RD TD_FEATURES0 = 0x5bdbfb6f3f0fff
<6>[    2.035716] tdx: Releasing page range: 0xd560000 - 0xd580000
<6>[    2.046196] DMA: preallocated 128 KiB GFP_KERNEL|GFP_DMA32 pool for atomic allocations
<7>[    2.055858] initcall sbf_init blacklisted
<6>[    2.065754] PCI: Fatal: No config space access function found
<6>[    2.088767] ACPI: Interpreter disabled.
<6>[    2.125816] iommu: Default domain type: Translated
<6>[    2.165716] iommu: DMA domain TLB invalidation policy: lazy mode
<5>[    2.215834] SCSI subsystem initialized
<6>[    2.255744] hv_vmbus: VMBus is present in DeviceTree
<6>[    2.296293] tdx: TDG.SYS.RD TD_FEATURES0 = 0x5bdbfb6f3f0fff
<6>[    2.345779] tdx: Releasing page range: 0xd5c1000 - 0xd5c2000
<6>[    2.386135] tdx: TDG.SYS.RD TD_FEATURES0 = 0x5bdbfb6f3f0fff
<6>[    2.435716] tdx: Releasing page range: 0xd5c2000 - 0xd5c3000
<6>[    2.496479] tdx: TDG.SYS.RD TD_FEATURES0 = 0x5bdbfb6f3f0fff
<6>[    2.545715] tdx: Releasing page range: 0xd5c3000 - 0xd5c4000
<6>[    2.605723] tdx: TDG.SYS.RD TD_FEATURES0 = 0x5bdbfb6f3f0fff
<6>[    2.645717] tdx: Releasing page range: 0xd5c4000 - 0xd5c5000
<6>[    2.696136] tdx: TDG.SYS.RD TD_FEATURES0 = 0x5bdbfb6f3f0fff
<6>[    2.755742] tdx: Releasing page range: 0xd5c5000 - 0xd5c6000
<6>[    2.816135] tdx: TDG.SYS.RD TD_FEATURES0 = 0x5bdbfb6f3f0fff
<6>[    2.865730] tdx: Releasing page range: 0xd5c6000 - 0xd5c7000
<6>[    2.916138] tdx: TDG.SYS.RD TD_FEATURES0 = 0x5bdbfb6f3f0fff
<6>[    2.965730] tdx: Releasing page range: 0xd5c7000 - 0xd5c8000
<6>[    3.016114] tdx: TDG.SYS.RD TD_FEATURES0 = 0x5bdbfb6f3f0fff
<6>[    3.065730] tdx: Releasing page range: 0xd5c8000 - 0xd5c9000
<6>[    3.126609] tdx: TDG.SYS.RD TD_FEATURES0 = 0x5bdbfb6f3f0fff
<6>[    3.195720] tdx: Releasing page range: 0x81a0000 - 0x81a1000
<6>[    3.246127] tdx: TDG.SYS.RD TD_FEATURES0 = 0x5bdbfb6f3f0fff
<6>[    3.295720] tdx: Releasing page range: 0x81a1000 - 0x81a2000
<6>[    3.365718] hv_vmbus: Vmbus version:5.3
<6>[    3.405853] PCI: System does not support PCI
<6>[    3.446081] clocksource: Switched to clocksource tsc-early
<6>[    3.491428] pnp: PnP ACPI: disabled
<6>[    3.525219] NET: Registered PF_UNIX/PF_LOCAL protocol family
<6>[    3.573046] PCI-DMA: Using software bounce buffering for IO (SWIOTLB)
<6>[    3.574177] Unpacking initramfs...
<6>[    3.610456] software IO TLB: mapped [mem 0x000000002e800000-0x000000002f000000] (8MB)
<6>[    3.610582] clocksource: tsc: mask: 0xffffffffffffffff max_cycles: 0x29cd3f11233, max_idle_ns: 440795209838 ns
<6>[    3.686129] clocksource: Switched to clocksource tsc
<6>[    3.705439] workingset: timestamp_bits=56 max_order=18 bucket_order=0
<6>[    3.714734] io scheduler mq-deadline registered
<6>[    3.721982] Serial: 8250/16550 driver, 4 ports, IRQ sharing enabled
<6>[    3.746332] serial8250: ttyS2 at I/O 0x3e8 (irq = 4, base_baud = 115200) is a 16550A
<6>[    3.798501] serial8250: ttyS3 at I/O 0x2e8 (irq = 3, base_baud = 115200) is a 16550A
<6>[    3.810624] printk: legacy console [ttynull0] enabled
<6>[    3.816502] hv_vmbus: registering driver uio_hv_generic
<6>[    3.823710] VFIO - User Level meta-driver version: 0.3
<6>[    3.834164] vfio_pci: add [1414:00ba[ffffffff:ffffffff]] class 0x000000/00000000
<6>[    3.850495] tdx: TDG.SYS.RD TD_FEATURES0 = 0x5bdbfb6f3f0fff
<6>[    3.919507] tdx: Releasing page range: 0xdc04000 - 0xdc06000
<6>[    3.959148] TODO: TDX detected, should skip vsm register query
<6>[    3.960967] NET: Registered PF_VSOCK protocol family
<6>[    4.020185] hv_vmbus: registering driver hv_sock
<3>[    4.049173] mce: Unable to init MCE device (rc: -5)
<6>[    4.084090] IPI shorthand broadcast: enabled
<6>[    4.109572] sched_clock: Marking stable (2443271792, 1665709866)->(5317965407, -1208983749)
<6>[    4.196440] Demotion targets for Node 0: null
<6>[    4.244782] clk: Disabling unused clocks
<6>[    4.551072] Freeing initrd memory: 60756K
<6>[    4.600596] Freeing unused decrypted memory: 2036K
<6>[    4.658510] Freeing unused kernel image (initmem) memory: 1004K
<6>[    4.698246] Write protecting the kernel read-only data: 8192k
<6>[    4.757356] Freeing unused kernel image (text/rodata gap) memory: 1336K
<6>[    4.832043] Freeing unused kernel image (rodata/data gap) memory: 636K
<6>[    4.900092] Freeing unused kernel image (bss_decrypted gap) memory: 176K
<6>[    4.996321] Run /underhill-init as init process
<7>[    5.053678]   with arguments:
<7>[    5.094439]     /underhill-init
<7>[    5.126558]   with environment:
<7>[    5.160952]     HOME=/
<7>[    5.182832]     TERM=linux
<7>[    5.220070]     OPENHCL_NVME_VFIO=1
<7>[    5.253131]     MIMALLOC_ARENA_EAGER_COMMIT=0
<7>[    5.293102]     OPENHCL_CONFIDENTIAL=1
<7>[    5.327283]     OPENHCL_CONFIDENTIAL_DEBUG=1
<7>[    5.366913]     OPENHCL_NVME_KEEP_ALIVE=disabled,host,noprivatepool
<7>[    5.423537]     OPENHCL_BOOT_LOG=1
<21>[    5.454336] underhill_init: Initial process: crate_name=underhill_init, crate_revision=a5b89161e17ce9ab569617e994049fefe7f74b59, crate_branch=Ohcl_current
<21>[    5.585302] underhill_init: Mounting filesystems
<21>[    5.629724] underhill_init: Command line args: Options { setup_script: [], underhill_args: [] }
<21>[    5.731063] underhill_init: Setting system resource limits and parameters
<21>[    5.786106] underhill_init: Using 64 bytes of entropy from the host
<21>[    5.854761] underhill_init: registered vfio-pci as driver for nvme
<21>[    5.931346] underhill_init: running KERNEL_BOOT_TIME="3788495693" "/bin/openvmm_hcl" "--pid" "/run/underhill.pid"
<21>[    6.016300] underhill_init: loading kernel module /lib/modules/000/pci-hyperv-intf.ko: 
<6>[    6.063782] tdx: TDG.SYS.RD TD_FEATURES0 = 0x5bdbfb6f3f0fff
<6>[    6.088930] tdx: Releasing page range: 0x14100000 - 0x14122000
<21>[    6.128106] underhill_init: load complete for /lib/modules/000/pci-hyperv-intf.ko
<30>[    6.133993] underhill_core:  INFO  VMM process crate_name="build_info" crate_revision="a5b89161e17ce9ab569617e994049fefe7f74b59"
<21>[    6.198496] underhill_init: loading kernel module /lib/modules/001/pci-hyperv.ko: 
<30>[    6.252907] mesh_tracing:  INFO  updated trace filter filter="info"
<30>[    6.253050] underhill_core:  INFO  boot loader times start=0x27eb64b end=0x4c191af elapsed=3.7935972s
<30>[    6.258452] diag_server:  INFO  control starting control_address=VmAddress(Address { cid: ffffffff, port: 1 })
<30>[    6.258827] diag_server:  INFO  data starting data_address=VmAddress(Address { cid: ffffffff, port: 2 })
<30>[    6.337862] mesh_tracing:  INFO  updated trace filter filter="info"
<6>[    6.421285] tdx: TDG.SYS.RD TD_FEATURES0 = 0x5bdbfb6f3f0fff
<6>[    6.421288] tdx: Releasing page range: 0x140c0000 - 0x140e2000
<30>[    6.466729] guest_emulation_transport::process_loop:  INFO  [GET] version negotiated protocol=NICKEL_REV2
<30>[    6.597889] underhill_core::worker:  INFO worker_new{ name="UnderhillWorker" action="new"}:  UnderhillVmWorker: Here
<6>[    6.621902] hv_vmbus: registering driver hv_pci
<30>[    6.629674] underhill_core::worker:  INFO worker_new{ name="UnderhillWorker" action="new"}:init:init/new_underhill_vm:  kernel boot time kernel_boot_time_ns=0xe1cfdb4d
<21>[    6.728703] underhill_init: load complete for /lib/modules/001/pci-hyperv.ko
<30>[    6.729659] underhill_core::loader::vtl2_config:  INFO worker_new{ name="UnderhillWorker" action="new"}:init:init/new_underhill_vm:  openhcl_boot log line="[INFO] read_from_dt: persisted_state_header present=false, sidecar=Enabled { enable_logging: false, cpu_threshold: Some(100) }"
<21>[    6.892132] underhill_init: loading kernel module /lib/modules/999/hv_storvsc.ko: storvsc_vcpus_per_sub_channel=2048 storvsc_max_hw_queues=2 storvsc_ringbuffer_size=0x8000 
<30>[    6.892556] underhill_core::loader::vtl2_config:  INFO worker_new{ name="UnderhillWorker" action="new"}:init:init/new_underhill_vm:  openhcl_boot log line="[INFO] reading topology from host device tree"
<30>[    7.065395] underhill_core::loader::vtl2_config:  INFO worker_new{ name="UnderhillWorker" action="new"}:init:init/new_underhill_vm:  openhcl_boot log line="[INFO] host provided vtl2 ram size is 28000000, measured size is 28000000"
<30>[    7.162617] underhill_core::loader::vtl2_config:  INFO worker_new{ name="UnderhillWorker" action="new"}:init:init/new_underhill_vm:  openhcl_boot log line="[INFO] allocating vtl2 mmio size 0x10000000 bytes"
<30>[    7.325339] underhill_core::loader::vtl2_config:  INFO worker_new{ name="UnderhillWorker" action="new"}:init:init/new_underhill_vm:  openhcl_boot log line="[INFO] host provided vtl2 mmio ranges are 0x0 bytes"
<6>[    7.495742] hv_vmbus: registering driver hv_storvsc
<30>[    7.495815] underhill_core::loader::vtl2_config:  INFO worker_new{ name="UnderhillWorker" action="new"}:init:init/new_underhill_vm:  openhcl_boot log line="[INFO] no vtl2 mmio provided by host, allocating from vtl0 mmio"
<21>[    7.656949] underhill_init: load complete for /lib/modules/999/hv_storvsc.ko
<30>[    7.657219] underhill_core::loader::vtl2_config:  INFO worker_new{ name="UnderhillWorker" action="new"}:init:init/new_underhill_vm:  openhcl_boot log line="[INFO] vtl0 mmio: [MemoryRange { start: f8000000, end: fffff000 }, MemoryRange { start: fe0000000, end: ff0000000 }], vtl2 mmio: [MemoryRange { start: ff0000000, end: 1000000000 }]"
<30>[    7.979996] underhill_core::loader::vtl2_config:  INFO worker_new{ name="UnderhillWorker" action="new"}:init:init/new_underhill_vm:  openhcl_boot log line="[INFO] reclaim device tree memory d290000-d2d0000"
<30>[    8.164520] underhill_core::loader::vtl2_config:  INFO worker_new{ name="UnderhillWorker" action="new"}:init:init/new_underhill_vm:  openhcl_boot log line="[INFO] persisted state region sized to MemoryRange {"
<30>[    8.362319] underhill_core::loader::vtl2_config:  INFO worker_new{ name="UnderhillWorker" action="new"}:init:init/new_underhill_vm:  openhcl_boot log line="    start: 0x8000000,"
<30>[    8.512638] underhill_core::loader::vtl2_config:  INFO worker_new{ name="UnderhillWorker" action="new"}:init:init/new_underhill_vm:  openhcl_boot log line="    end: 0x8014000,"
<30>[    8.655528] underhill_core::loader::vtl2_config:  INFO worker_new{ name="UnderhillWorker" action="new"}:init:init/new_underhill_vm:  openhcl_boot log line="}, remainder MemoryRange {"
<30>[    8.811665] underhill_core::loader::vtl2_config:  INFO worker_new{ name="UnderhillWorker" action="new"}:init:init/new_underhill_vm:  openhcl_boot log line="    start: 0x8014000,"
<30>[    8.968137] underhill_core::loader::vtl2_config:  INFO worker_new{ name="UnderhillWorker" action="new"}:init:init/new_underhill_vm:  openhcl_boot log line="    end: 0x8200000,"
<30>[    9.118691] underhill_core::loader::vtl2_config:  INFO worker_new{ name="UnderhillWorker" action="new"}:init:init/new_underhill_vm:  openhcl_boot log line="}"
<30>[    9.260154] underhill_core::loader::vtl2_config:  INFO worker_new{ name="UnderhillWorker" action="new"}:init:init/new_underhill_vm:  openhcl_boot log line="[INFO] openhcl_boot: logging enabled"
<30>[    9.412212] underhill_core::loader::vtl2_config:  INFO worker_new{ name="UnderhillWorker" action="new"}:init:init/new_underhill_vm:  openhcl_boot log line="[INFO] PartitionInfo: Host, VmbusInfo { mmio: [MemoryRange { start: f8000000, end: fffff000 }, MemoryRange { start: fe0000000, end: ff0000000 }], connection_id: 1 }, VmbusInfo { mmio: [MemoryRange { start: ff0000000, end: 1000000000 }], connection_id: 800074 }, [MemoryEntry { range: MemoryRange { start: 8000000, end: 30000000 }, mem_type: VTL2_PROTECTABLE, vnode: 0 }]"
<30>[    9.819979] underhill_core::loader::vtl2_config:  INFO worker_new{ name="UnderhillWorker" action="new"}:init:init/new_underhill_vm:  openhcl_boot log line="[INFO] memory_start_address: 8000000"
<30>[    9.983280] underhill_core::loader::vtl2_config:  INFO worker_new{ name="UnderhillWorker" action="new"}:init:init/new_underhill_vm:  openhcl_boot log line="[INFO] vtl2_reserved_region_start: d264000"
<30>[   10.152117] underhill_core::loader::vtl2_config:  INFO worker_new{ name="UnderhillWorker" action="new"}:init:init/new_underhill_vm:  openhcl_boot log line="[INFO] vtl2_reserved_region_size: 4000"
<30>[   10.315319] underhill_core::loader::vtl2_config:  INFO worker_new{ name="UnderhillWorker" action="new"}:init:init/new_underhill_vm:  openhcl_boot log line="[INFO] boot_shim_params: ShimParams { kernel_entry_address: 8c958e0, cmdline_base: d263000, initrd_base: 970c000, initrd_size: 3b5499d, initrd_crc: 93121ae5, memory_start_address: 8000000, memory_size: 28000000, parameter_region_start: d268000, parameter_region_size: 6a000, vtl2_reserved_region_start: d264000, vtl2_reserved_region_size: 4000, isolation_type: Tdx, sidecar_entry_address: 0, sidecar_base: 9600000, sidecar_size: 0, used: MemoryRange { start: 8000000, end: d2ef000 }, bounce_buffer: Some(MemoryRange { start: 8200000, end: 8400000 }), log_buffer: MemoryRange { start: d2d2000, end: d2d4000 }, heap: MemoryRange { start: d2d4000, end: d2e4000 }, persisted_state: MemoryRange { start: 8000000, end: 8200000 } }"
<30>[   10.977964] underhill_core::loader::vtl2_config:  INFO worker_new{ name="UnderhillWorker" action="new"}:init:init/new_underhill_vm:  openhcl_boot log line="[INFO] setup_vtl2_memory: isolation type: Tdx"
<30>[   11.145688] underhill_core::loader::vtl2_config:  INFO worker_new{ name="UnderhillWorker" action="new"}:init:init/new_underhill_vm:  openhcl_boot log line=""
<30>[   11.282750] underhill_core::loader::vtl2_config:  INFO worker_new{ name="UnderhillWorker" action="new"}:init:init/new_underhill_vm:  openhcl_boot log line="[INFO] setup_vtl2_memory: accept_vtl2_memory1: range MemoryRange { start: 8000000, end: 8400000 }"
<30>[   11.503793] underhill_core::loader::vtl2_config:  INFO worker_new{ name="UnderhillWorker" action="new"}:init:init/new_underhill_vm:  openhcl_boot log line=""
<30>[   11.630730] underhill_core::loader::vtl2_config:  INFO worker_new{ name="UnderhillWorker" action="new"}:init:init/new_underhill_vm:  openhcl_boot log line="[INFO] setup_vtl2_memory: accept_vtl2_memory1: range MemoryRange { start: 8b61000, end: 8c00000 }"
<30>[   11.822236] underhill_core::loader::vtl2_config:  INFO worker_new{ name="UnderhillWorker" action="new"}:init:init/new_underhill_vm:  openhcl_boot log line=""
<30>[   11.955532] underhill_core::loader::vtl2_config:  INFO worker_new{ name="UnderhillWorker" action="new"}:init:init/new_underhill_vm:  openhcl_boot log line="[INFO] setup_vtl2_memory: accept_vtl2_memory1: range MemoryRange { start: 961a000, end: 961b000 }"
<30>[   12.167942] underhill_core::loader::vtl2_config:  INFO worker_new{ name="UnderhillWorker" action="new"}:init:init/new_underhill_vm:  openhcl_boot log line=""
<30>[   12.291063] underhill_core::loader::vtl2_config:  INFO worker_new{ name="UnderhillWorker" action="new"}:init:init/new_underhill_vm:  openhcl_boot log line="[INFO] setup_vtl2_memory: accept_vtl2_memory1: range MemoryRange { start: d264000, end: d268000 }"
<30>[   12.476755] underhill_core::loader::vtl2_config:  INFO worker_new{ name="UnderhillWorker" action="new"}:init:init/new_underhill_vm:  openhcl_boot log line=""
<30>[   12.591801] underhill_core::loader::vtl2_config:  INFO worker_new{ name="UnderhillWorker" action="new"}:init:init/new_underhill_vm:  openhcl_boot log line="[INFO] setup_vtl2_memory: accept_vtl2_memory1: range MemoryRange { start: d2ef000, end: 30000000 }"
<30>[   12.796744] underhill_core::loader::vtl2_config:  INFO worker_new{ name="UnderhillWorker" action="new"}:init:init/new_underhill_vm:  openhcl_boot log line=""
<30>[   12.916716] underhill_core::loader::vtl2_config:  INFO worker_new{ name="UnderhillWorker" action="new"}:init:init/new_underhill_vm:  openhcl_boot log line="[INFO] setup_vtl2_memory: Imported regions"
<30>[   13.058682] underhill_core::loader::vtl2_config:  INFO worker_new{ name="UnderhillWorker" action="new"}:init:init/new_underhill_vm:  openhcl_boot log line=""
<30>[   13.191836] underhill_core::loader::vtl2_config:  INFO worker_new{ name="UnderhillWorker" action="new"}:init:init/new_underhill_vm:  openhcl_boot log line="[INFO] setup_vtl2_memory: accept_pending_vtl2_memory: range MemoryRange { start: 8400000, end: 8b61000 }"
<30>[   13.390085] underhill_core::loader::vtl2_config:  INFO worker_new{ name="UnderhillWorker" action="new"}:init:init/new_underhill_vm:  openhcl_boot log line=""
<30>[   13.512143] underhill_core::loader::vtl2_config:  INFO worker_new{ name="UnderhillWorker" action="new"}:init:init/new_underhill_vm:  openhcl_boot log line="[INFO] tdcall::accept_pages reached PAGE_SIZE_MISMATCH"
<30>[   13.685252] underhill_core::loader::vtl2_config:  INFO worker_new{ name="UnderhillWorker" action="new"}:init:init/new_underhill_vm:  openhcl_boot log line="[INFO] setup_vtl2_memory: accept_pending_vtl2_memory: range MemoryRange { start: 8c00000, end: 9600000 }"
<30>[   13.902632] underhill_core::loader::vtl2_config:  INFO worker_new{ name="UnderhillWorker" action="new"}:init:init/new_underhill_vm:  openhcl_boot log line=""
<30>[   14.030200] underhill_core::loader::vtl2_config:  INFO worker_new{ name="UnderhillWorker" action="new"}:init:init/new_underhill_vm:  openhcl_boot log line="[INFO] setup_vtl2_memory: accept_pending_vtl2_memory: range MemoryRange { start: 970c000, end: d261000 }"
<30>[   14.230570] underhill_core::loader::vtl2_config:  INFO worker_new{ name="UnderhillWorker" action="new"}:init:init/new_underhill_vm:  openhcl_boot log line=""
<30>[   14.364235] underhill_core::loader::vtl2_config:  INFO worker_new{ name="UnderhillWorker" action="new"}:init:init/new_underhill_vm:  openhcl_boot log line="[INFO] setup_vtl2_memory: page tables"
<30>[   14.507331] underhill_core::loader::vtl2_config:  INFO worker_new{ name="UnderhillWorker" action="new"}:init:init/new_underhill_vm:  openhcl_boot log line=""
<30>[   14.625441] underhill_core::loader::vtl2_config:  INFO worker_new{ name="UnderhillWorker" action="new"}:init:init/new_underhill_vm:  openhcl_boot log line="[INFO] release_pages: 0x8200000-0x8400000"
<30>[   14.778348] underhill_core::loader::vtl2_config:  INFO worker_new{ name="UnderhillWorker" action="new"}:init:init/new_underhill_vm:  openhcl_boot log line="[INFO] vmbus_vtl2: VmbusInfo { mmio: [MemoryRange { start: ff0000000, end: 1000000000 }], connection_id: 800074 }"
<30>[   14.979819] underhill_core::loader::vtl2_config:  INFO worker_new{ name="UnderhillWorker" action="new"}:init:init/new_underhill_vm:  openhcl_boot log line="[INFO] vmbus.mmio: [MemoryRange { start: ff0000000, end: 1000000000 }]"
<30>[   15.158764] underhill_core::loader::vtl2_config:  INFO worker_new{ name="UnderhillWorker" action="new"}:init:init/new_underhill_vm:  openhcl_boot log line="[INFO] allocation_mode: Host"
<30>[   15.297466] underhill_core::loader::vtl2_config:  INFO worker_new{ name="UnderhillWorker" action="new"}:init:init/new_underhill_vm:  openhcl_boot log line="[INFO] Adding VTl0 and Vtl2 mmio ranges:"
<30>[   15.467246] underhill_core::loader::vtl2_config:  INFO worker_new{ name="UnderhillWorker" action="new"}:init:init/new_underhill_vm:  openhcl_boot log line="[INFO] vtl0: f8000000 - 7fff000"
<30>[   15.600536] underhill_core::loader::vtl2_config:  INFO worker_new{ name="UnderhillWorker" action="new"}:init:init/new_underhill_vm:  openhcl_boot log line="[INFO] vtl0: fe0000000 - 10000000"
<30>[   15.760635] underhill_core::loader::vtl2_config:  INFO worker_new{ name="UnderhillWorker" action="new"}:init:init/new_underhill_vm:  openhcl_boot log line="[INFO] vtl2: ff0000000 - 10000000"
<30>[   15.898729] underhill_core::loader::vtl2_config:  INFO worker_new{ name="UnderhillWorker" action="new"}:init:init/new_underhill_vm:  openhcl_boot log line="[INFO] uninitializing hypercalls, about to jump to kernel"
<30>[   15.999198] underhill_core::worker:  INFO worker_new{ name="UnderhillWorker" action="new"}:init:init/new_underhill_vm:  memory allocation mode memory_allocation_mode=Host
<30>[   16.023557] underhill_core::worker:  INFO worker_new{ name="UnderhillWorker" action="new"}:init:init/new_underhill_vm:  vtl2 ram vtl2_ram="0x8000000-0x30000000"
<30>[   16.065556] underhill_core::worker:  INFO worker_new{ name="UnderhillWorker" action="new"}:init:init/new_underhill_vm:  vtl0 ram vtl0_ram="0x0-0x8000000(0), 0x30000000-0xf8000000(0), 0x100000000-0x42ec00000(0)"
<30>[   16.222222] underhill_core::worker:  INFO worker_new{ name="UnderhillWorker" action="new"}:init:init/new_underhill_vm:  vtl0 mmio vtl0_mmio="0xf8000000-0xfffff000, 0xfe0000000-0xfeff80000"
<30>[   16.387809] underhill_core::worker:  INFO worker_new{ name="UnderhillWorker" action="new"}:init:init/new_underhill_vm:  shared pool shared_pool="0x42ec00000-0x430000000(0)"
<6>[   16.549451] misc mshv_hvcall: Hypercall allow map has been set, pid 68
<6>[   16.610454] misc mshv_hvcall: Hypercall allow map has been set, pid 68
<30>[   16.683537] log:  INFO worker_new{ name="UnderhillWorker" action="new"}:init:init/new_underhill_vm:  TDG.MEM.PAGE.ATTR.WR rcx: 0 rax: c0000b0b00000001    
<30>[   16.789534] log:  INFO worker_new{ name="UnderhillWorker" action="new"}:init:init/new_underhill_vm:  TDG.MEM.PAGE.ATTR.WR rcx: 0 rax: c0000b0b00000001    
<30>[   16.916539] tdcall:  INFO  accept_pages range=0x800000-0x3000000
<30>[   16.979936] tdcall:  INFO  accept_pages range=0x31f400000-0x42ec00000
<30>[   16.979983] tdcall:  INFO  accept_pages range=0x3000000-0x5800000
<30>[   17.047992] tdcall:  INFO  accept_pages range=0x709000-0x800000
<30>[   17.048079] tdcall:  INFO  accept_pages range=0x2000-0x100000
<30>[   17.063959] tdcall:  INFO  accept_pages range=0x72c00000-0xb5800000
<30>[   17.118916] tdcall:  INFO  accept_pages range=0x5800000-0x8000000
<30>[   17.119430] tdcall:  INFO  accept_pages range=0xb5800000-0xf8000000
<30>[   17.119914] tdcall:  INFO  accept_pages range=0x30000000-0x72c00000
<30>[   17.120140] tdcall:  INFO  accept_pages range=0x20fa00000-0x31f400000
<30>[   17.166509] tdcall:  INFO  accept_pages range=0x100000000-0x20fa00000
<30>[   17.582373] log:  INFO  tdcall::accept_pages reached PAGE_SIZE_MISMATCH    
<30>[   17.646145] log:  INFO  TDG.MEM.PAGE.ATTR.WR rcx: 0 rax: c0000b0b00000001    
<30>[   17.711146] log:  INFO  TDG.MEM.PAGE.ATTR.WR rcx: 0 rax: c0000b0b00000001    
<30>[   18.556715] openhcl_dma_manager:  INFO worker_new{ name="UnderhillWorker" action="new"}:init:init/new_underhill_vm:  create dma manager shared_ranges=[MemoryRange { start: 42ec00000, end: 430000000 }] private_ranges=[] vtom=0x800000000000 isolation_type=Tdx
<30>[   18.698246] underhill_core::worker:  INFO worker_new{ name="UnderhillWorker" action="new"}:init:init/new_underhill_vm:  starting guest memory self test
<28>[   18.806567] underhill_mem::mapping:  WARN worker_new{ name="UnderhillWorker" action="new"}:init:init/new_underhill_vm:  tried to access private page using shared mapping address=0 len=1 write=false
<28>[   18.973427] underhill_mem::mapping:  WARN worker_new{ name="UnderhillWorker" action="new"}:init:init/new_underhill_vm:  tried to access private page using shared mapping address=7ffffff len=1 write=false
<28>[   19.132347] underhill_mem::mapping:  WARN worker_new{ name="UnderhillWorker" action="new"}:init:init/new_underhill_vm:  tried to access private page using shared mapping address=30000000 len=1 write=false
<28>[   19.288654] underhill_mem::mapping:  WARN worker_new{ name="UnderhillWorker" action="new"}:init:init/new_underhill_vm:  tried to access private page using shared mapping address=f7ffffff len=1 write=false
<28>[   19.451855] underhill_mem::mapping:  WARN worker_new{ name="UnderhillWorker" action="new"}:init:init/new_underhill_vm:  tried to access private page using shared mapping address=100000000 len=1 write=false
<28>[   19.608070] underhill_mem::mapping:  WARN worker_new{ name="UnderhillWorker" action="new"}:init:init/new_underhill_vm:  tried to access private page using shared mapping address=42ebfffff len=1 write=false
<28>[   19.767050] underhill_mem::mapping:  WARN worker_new{ name="UnderhillWorker" action="new"}:init:init/new_underhill_vm:  tried to access shared page using private mapping address=42ec00000 len=1 write=false
<30>[   19.937033] underhill_core::worker:  INFO worker_new{ name="UnderhillWorker" action="new"}:init:init/new_underhill_vm:  guest memory self test complete
<28>[   20.055332] underhill_core::worker:  WARN worker_new{ name="UnderhillWorker" action="new"}:init:init/new_underhill_vm:  confidential debug enabled
<30>[   20.166832] underhill_attestation:  INFO worker_new{ name="UnderhillWorker" action="new"}:init:init/new_underhill_vm:initialize_platform_security:  Reading security profile tee_type=Some(Tdx) secure_boot=false tpm_enabled=true tpm_persisted=true
<30>[   20.356470] underhill_attestation:  INFO worker_new{ name="UnderhillWorker" action="new"}:init:init/new_underhill_vm:initialize_platform_security:  Reading VM ID from VMGS
<30>[   20.483329] underhill_attestation:  INFO worker_new{ name="UnderhillWorker" action="new"}:init:init/new_underhill_vm:initialize_platform_security:  attempt to unlock VMGS file attempt=0x0
<30>[   20.627586] underhill_attestation:  INFO worker_new{ name="UnderhillWorker" action="new"}:init:init/new_underhill_vm:initialize_platform_security:  Retrieving key-encryption key
<30>[   20.794421] underhill_attestation::secure_key_release:  INFO worker_new{ name="UnderhillWorker" action="new"}:init:init/new_underhill_vm:initialize_platform_security:  attempt to get VMGS key-encryption key
<27>[   20.922345] underhill_attestation::secure_key_release: ERROR worker_new{ name="UnderhillWorker" action="new"}:init:init/new_underhill_vm:initialize_platform_security:  VMGS key-encryption key request failed due to error error=failed to parse the IgvmAttest KEY_RELEASE response: error in parsing response header: the size of the attestation response 0 is too small to parse
<27>[   21.228307] underhill_attestation: ERROR worker_new{ name="UnderhillWorker" action="new"}:init:init/new_underhill_vm:initialize_platform_security:  Failed to retrieve key-encryption key error=failed to parse the IgvmAttest KEY_RELEASE response: error in parsing response header: the size of the attestation response 0 is too small to parse
<30>[   21.498483] underhill_attestation:  INFO worker_new{ name="UnderhillWorker" action="new"}:init:init/new_underhill_vm:initialize_platform_security:  Reading key protector from VMGS dek_minimal_size=0x100
<30>[   21.651143] underhill_attestation:  INFO worker_new{ name="UnderhillWorker" action="new"}:init:init/new_underhill_vm:initialize_platform_security:  Deriving keys tcb_version=None vmgs_encrypted=false op_type=BeginDecryptVmgs
<30>[   21.829324] underhill_attestation:  INFO worker_new{ name="UnderhillWorker" action="new"}:init:init/new_underhill_vm:initialize_platform_security:  encryption policy guest_state_encryption_policy=Auto strict_encryption_policy=false
<30>[   21.997051] underhill_attestation:  INFO worker_new{ name="UnderhillWorker" action="new"}:init:init/new_underhill_vm:initialize_platform_security:  initial vmgs encryption state is_encrypted=false is_gsp_by_id=false is_gsp=false found_dek=false
<30>[   22.190884] underhill_attestation:  INFO worker_new{ name="UnderhillWorker" action="new"}:init:init/new_underhill_vm:initialize_platform_security:  attempting GSP
<30>[   22.314760] guest_emulation_transport::client:  INFO worker_new{ name="UnderhillWorker" action="new"}:init:init/new_underhill_vm:initialize_platform_security:  Getting guest state protection data op_type=BeginGspCallback
<30>[   22.494741] guest_emulation_transport::client:  INFO worker_new{ name="UnderhillWorker" action="new"}:init:init/new_underhill_vm:initialize_platform_security:  Got guest state protection data op_type=GspCallback latency=b4
<30>[   22.650405] underhill_attestation:  INFO worker_new{ name="UnderhillWorker" action="new"}:init:init/new_underhill_vm:initialize_platform_security:  GSP response request_data_length_in_vmgs=0x0 no_rpc_server=true requires_rpc_server=false encrypted_gsp_length=0x0
<30>[   22.836160] underhill_attestation:  INFO worker_new{ name="UnderhillWorker" action="new"}:init:init/new_underhill_vm:initialize_platform_security:  attempting GSP By Id
<30>[   22.983316] underhill_attestation:  INFO worker_new{ name="UnderhillWorker" action="new"}:init:init/new_underhill_vm:initialize_platform_security:  Encryption sources kek=false gsp_available=false gsp=false gsp_by_id_available=Some(false) gsp_by_id=false
<30>[   23.176020] underhill_attestation:  INFO worker_new{ name="UnderhillWorker" action="new"}:init:init/new_underhill_vm:initialize_platform_security:  No VMGS encryption used.
<30>[   23.304878] underhill_attestation:  INFO worker_new{ name="UnderhillWorker" action="new"}:init:init/new_underhill_vm:initialize_platform_security:  Unlocking VMGS
<30>[   23.422060] underhill_attestation:  INFO worker_new{ name="UnderhillWorker" action="new"}:init:init/new_underhill_vm:initialize_platform_security:  Encryption disabled, skipping unlock vmgs data store
<30>[   23.577037] underhill_attestation:  INFO worker_new{ name="UnderhillWorker" action="new"}:init:init/new_underhill_vm:initialize_platform_security:  Unlocked datastore op_type=DecryptVmgs success=true decrypt_gsp_type=None encrypt_gsp_type=None latency=785
<30>[   23.769407] underhill_attestation:  INFO worker_new{ name="UnderhillWorker" action="new"}:init:init/new_underhill_vm:initialize_platform_security:  determine if refreshing tpm seeds is needed state_refresh_request_from_gsp=false vm_id_changed=false
<30>[   23.979488] virt_mshv_vtl::processor::tdx:  INFO worker_new{ name="UnderhillWorker" action="new"}:init:init/new_underhill_vm:new_uh_partition:  enabling TDX L2-VM TSC deadline timer service
<30>[   24.129355] underhill_core::worker:  INFO worker_new{ name="UnderhillWorker" action="new"}:init:init/new_underhill_vm:  Building InitialControllers
<30>[   24.129355] 
<30>[   24.265987] underhill_core::dispatch::vtl2_settings_worker:  INFO worker_new{ name="UnderhillWorker" action="new"}:init:init/new_underhill_vm:new_initial_controllers:  Initial VTL2 settings vtl2_settings=None config_timeout_in_seconds=0x5
<30>[   24.437660] underhill_core::nvme_manager::manager:  INFO worker_new{ name="UnderhillWorker" action="new"}:init:init/new_underhill_vm:  starting nvme manager vp_count=0x4 save_restore_supported=false saved_state=false
<30>[   24.607274] underhill_core::emuplat::local_clock:  INFO worker_new{ name="UnderhillWorker" action="new"}:init:init/new_underhill_vm:  restored existing RTC skew skew=-25196.16s
<6>[   24.747344] misc mshv_hvcall: Hypercall allow map has been set, pid 68
<30>[   24.750868] mesh_tracing:  INFO  updated trace filter filter="info"
<30>[   24.909970] firmware_uefi::service::nvram:  INFO worker_new{ name="UnderhillWorker" action="new"}:init:init/new_underhill_vm:base_chipset_build:add_device{ device="uefi"}:  configuring secure boot enabled=false
<30>[   25.218405] tpm_device:  INFO worker_new{ name="openhcl_remote_chipset_worker" action="new"}:  initializing TPM
<30>[   25.312488] ms_tpm_20_ref::plat:  INFO worker_new{ name="openhcl_remote_chipset_worker" action="new"}:  TPM library initialized
<30>[   25.440771] tpm_device:  INFO worker_new{ name="openhcl_remote_chipset_worker" action="new"}:  Creating AKPub key op_type=BeginVtpmKeysProvision key_type=AkPub bios_guid=643f632e-d16a-4a05-89a9-8555ace65588 force_ak_regen=true
<30>[   25.657957] tpm_device:  INFO worker_new{ name="openhcl_remote_chipset_worker" action="new"}:  Created AKPub key op_type=VtpmKeysProvision key_type=AkPub bios_guid=643f632e-d16a-4a05-89a9-8555ace65588 ak_pub_hash="2U5uoPYQnm8tERJDH788ftzRutpSRe2D9WIwkDsrCEE=" success=true latency=d9
<30>[   25.886970] tpm_device:  INFO worker_new{ name="openhcl_remote_chipset_worker" action="new"}:  Creating EKPub key op_type=BeginVtpmKeysProvision key_type=EkPub
<30>[   26.008552] tpm_device:  INFO worker_new{ name="openhcl_remote_chipset_worker" action="new"}:  Created EKPub key op_type=VtpmKeysProvision key_type=EkPub success=true latency=79
<30>[   26.144870] tpm_device:  INFO worker_new{ name="openhcl_remote_chipset_worker" action="new"}:  loaded existing AK from VMGS vTPM state can_renew_ak=true
<30>[   26.258157] tpm_lib:  INFO worker_new{ name="openhcl_remote_chipset_worker" action="new"}:  No small-vTPM mitigation marker; proceeding to resize AKCert index if needed
<30>[   26.392077] tpm_lib:  INFO worker_new{ name="openhcl_remote_chipset_worker" action="new"}:  Reading TPM NVRAM index op_type=BeginNvRead nv_index=0x1c101d0 data_size=0x1000
<27>[   26.525667] tpm_lib: ERROR worker_new{ name="openhcl_remote_chipset_worker" action="new"}:  Error reading TPM NVRAM index op_type=NvRead nv_index=0x1c101d0 data_size=0x1000 success=false err=TPM command failed, response code: 0x14a latency=85
<30>[   26.714028] tpm_lib:  INFO worker_new{ name="openhcl_remote_chipset_worker" action="new"}:  AK cert nv index allocated but uninitialized
<30>[   26.828170] tpm_lib:  INFO worker_new{ name="openhcl_remote_chipset_worker" action="new"}:  Allocate nv index for AK cert nv_index="1c101d0" size=0x1000
<30>[   26.937734] tpm_lib:  INFO worker_new{ name="openhcl_remote_chipset_worker" action="new"}:  Allocate nv index for attestation report nv_index="1400001" size=0xa28
<30>[   27.062878] tpm_device:  INFO worker_new{ name="openhcl_remote_chipset_worker" action="new"}:  handling AKCert renewal
<30>[   27.157733] tpm_device:  INFO worker_new{ name="openhcl_remote_chipset_worker" action="new"}:  Request AK cert renewal op_type=BeginAkCertProvision is_renew=false ak_pub_hash="2U5uoPYQnm8tERJDH788ftzRutpSRe2D9WIwkDsrCEE=" bios_guid=643f632e-d16a-4a05-89a9-8555ace65588
<30>[   27.355481] tpm_lib:  INFO worker_new{ name="openhcl_remote_chipset_worker" action="new"}:  Writing TPM NVRAM index op_type=BeginNvWrite nv_index=0x1400001 data_size=0xa28
<30>[   27.477222] tpm_lib:  INFO worker_new{ name="openhcl_remote_chipset_worker" action="new"}:  Wrote TPM NVRAM index op_type=NvWrite nv_index=0x1400001 data_size=0xa28 success=true latency=79
<30>[   27.683374] tpm_device:  INFO worker_new{ name="openhcl_remote_chipset_worker" action="new"}:  TPM initialized
<30>[   27.785071] underhill_core::worker:  INFO worker_new{ name="UnderhillWorker" action="new"}:init:init/new_underhill_vm:  Underhill MNF enabled? enable_mnf=false
<28>[   27.785986] tpm_device:  WARN  The requested TPM AK cert is empty op_type=AkCertProvision bios_guid=643f632e-d16a-4a05-89a9-8555ace65588 ak_pub_hash="2U5uoPYQnm8tERJDH788ftzRutpSRe2D9WIwkDsrCEE=" is_renew=false got_cert=0 latency=1ad now=Ok(26.119216156s)
<30>[   28.083149] vmbus_client:  INFO  VmBus client connected, requesting offers version=VersionInfo { version: Copper, feature_flags: FeatureFlags { guest_specified_signal_parameters: true, channel_interrupt_redirection: true, modify_connection: true, client_id: true, confidential_channels: false, pause_resume: false, server_specified_monitor_pages: false } }
<30>[   28.359747] vmbus_client:  INFO  received offer state=RequestingOffers channel_id=0x1 interface_id=3375baf4-9e15-4b30-b765-67acb10d607b instance_id=4487b255-b88c-403f-bb51-d1f69cf17f87 subchannel_index=0x0
<30>[   28.521490] vmbus_client:  INFO  received offer state=RequestingOffers channel_id=0x2 interface_id=57164f39-9115-4e78-ab55-382f3bd5422d instance_id=fd149e91-82e0-4a7d-afa6-2a4166cbd7c0 subchannel_index=0x0
<30>[   28.671719] vmbus_client:  INFO  received offer state=RequestingOffers channel_id=0x3 interface_id=a9a0f4e7-5a45-4d96-b827-8a841e8c03e6 instance_id=242ff919-07db-4180-9c2e-b86cb68c8c55 subchannel_index=0x0
<30>[   28.833394] vmbus_client:  INFO  received offer state=RequestingOffers channel_id=0x4 interface_id=0e0b6031-5213-4934-818b-38d90ced39db instance_id=b6650ff7-33bc-4840-8048-e0676786f393 subchannel_index=0x0
<30>[   28.986411] vmbus_client:  INFO  received offer state=RequestingOffers channel_id=0x5 interface_id=9527e630-d0ae-497b-adce-e80ab0175caf instance_id=2dd1ce17-079e-403c-b352-a1921ee207ee subchannel_index=0x0
<30>[   29.140276] vmbus_client:  INFO  received offer state=RequestingOffers channel_id=0x6 interface_id=35fa2e29-ea23-4236-96ae-3a6ebacba440 instance_id=2450ee40-33bf-4fbd-892e-9fb06e9214cf subchannel_index=0x0
<30>[   29.304749] vmbus_client:  INFO  received offer state=RequestingOffers channel_id=0x7 interface_id=276aacf4-ac15-426c-98dd-7521ad3f01fe instance_id=f5bee29c-1741-4aad-a4c2-8fdedb46dcc2 subchannel_index=0x0
<30>[   29.463474] vmbus_client:  INFO  received offer state=RequestingOffers channel_id=0x8 interface_id=ba6163d9-04a1-4d29-b605-72e2ffb1dc7f instance_id=d853390f-b6c5-42b2-b5ea-7dcceb18bb44 subchannel_index=0x0
<30>[   29.614935] vmbus_client:  INFO  received offer state=RequestingOffers channel_id=0x9 interface_id=f8615163-df3e-46c5-913f-f2d2f965ed0e instance_id=ce45c6f2-1cca-4093-95bd-426b9e8885e9 subchannel_index=0x0
<30>[   29.797089] vmbus_client:  INFO  VmBus client connected, offers delivered version=VersionInfo { version: Copper, feature_flags: FeatureFlags { guest_specified_signal_parameters: true, channel_interrupt_redirection: true, modify_connection: true, client_id: true, confidential_channels: false, pause_resume: false, server_specified_monitor_pages: false } }
<6>[   30.057631] misc mshv_hvcall: Hypercall allow map has been set, pid 68
<30>[   30.131231] vmbus_server::channels:  INFO  new channel offer_id=OfferId(0) key={3375baf4-9e15-4b30-b765-67acb10d607b}-{4487b255-b88c-403f-bb51-d1f69cf17f87}-0 confidential_ring_buffer=false confidential_external_memory=false
<30>[   30.308715] vmbus_server::channels:  INFO  new channel offer_id=OfferId(1) key={57164f39-9115-4e78-ab55-382f3bd5422d}-{fd149e91-82e0-4a7d-afa6-2a4166cbd7c0}-0 confidential_ring_buffer=false confidential_external_memory=false
<30>[   30.518516] vmbus_server::channels:  INFO  new channel offer_id=OfferId(2) key={a9a0f4e7-5a45-4d96-b827-8a841e8c03e6}-{242ff919-07db-4180-9c2e-b86cb68c8c55}-0 confidential_ring_buffer=false confidential_external_memory=false
<30>[   30.727148] vmbus_server::channels:  INFO  new channel offer_id=OfferId(3) key={0e0b6031-5213-4934-818b-38d90ced39db}-{b6650ff7-33bc-4840-8048-e0676786f393}-0 confidential_ring_buffer=false confidential_external_memory=false
<30>[   30.922588] vmbus_server::channels:  INFO  new channel offer_id=OfferId(4) key={9527e630-d0ae-497b-adce-e80ab0175caf}-{2dd1ce17-079e-403c-b352-a1921ee207ee}-0 confidential_ring_buffer=false confidential_external_memory=false
<30>[   31.109193] vmbus_server::channels:  INFO  new channel offer_id=OfferId(5) key={35fa2e29-ea23-4236-96ae-3a6ebacba440}-{2450ee40-33bf-4fbd-892e-9fb06e9214cf}-0 confidential_ring_buffer=false confidential_external_memory=false
<30>[   31.298207] vmbus_server::channels:  INFO  new channel offer_id=OfferId(6) key={276aacf4-ac15-426c-98dd-7521ad3f01fe}-{f5bee29c-1741-4aad-a4c2-8fdedb46dcc2}-0 confidential_ring_buffer=false confidential_external_memory=false
<30>[   31.476018] vmbus_server::channels:  INFO  new channel offer_id=OfferId(7) key={ba6163d9-04a1-4d29-b605-72e2ffb1dc7f}-{d853390f-b6c5-42b2-b5ea-7dcceb18bb44}-0 confidential_ring_buffer=false confidential_external_memory=false
<30>[   31.645227] vmbus_server::channels:  INFO  new channel offer_id=OfferId(8) key={f8615163-df3e-46c5-913f-f2d2f965ed0e}-{ce45c6f2-1cca-4093-95bd-426b9e8885e9}-0 confidential_ring_buffer=false confidential_external_memory=false
<30>[   31.819073] underhill_core::loader:  INFO worker_new{ name="UnderhillWorker" action="new"}:init:init/new_underhill_vm:load_firmware:  loading UEFI into VTL0
<30>[   31.969550] underhill_core:  INFO  vm worker started
<30>[   31.971808] firmware_uefi:  INFO  set gpa for diagnostics addr=2b data=0x77000
<30>[   31.996055] state_unit:  INFO state_change{ operation="start"}:  state change complete duration=29.803611ms
<30>[   31.996203] underhill_core::dispatch:  INFO  starting VM boot_time_ms=0xa17b boot_time="41.3390732s"
<30>[   32.528782] virt_mshv_vtl::processor::hardware_cvm:  INFO  modify_gpa_visibility visibility=SHARED pages=0x1
<30>[   32.638511] tdcall:  INFO  tdcall_mem_page_release range=0xf74a3000-0xf74a4000
<30>[   32.715212] log:  INFO  release_pages: 0xf74a3000-0xf74a4000    
<30>[   32.779098] firmware_uefi:  INFO  set gpa for diagnostics addr=2b data=0x33df4000
<30>[   32.918036] virt_mshv_vtl::processor::hardware_cvm:  INFO  modify_gpa_visibility visibility=SHARED pages=0x1fe
<30>[   33.024462] tdcall:  INFO  tdcall_mem_page_release range=0xf6e00000-0xf6ffe000
<30>[   33.095404] log:  INFO  release_pages: 0xf6e00000-0xf6ffe000    
<30>[   33.152131] virt_mshv_vtl::processor::hardware_cvm:  INFO  modify_gpa_visibility visibility=SHARED pages=0x1fe
<30>[   33.243353] tdcall:  INFO  tdcall_mem_page_release range=0xf6ffe000-0xf71fc000
<30>[   33.302340] log:  INFO  release_pages: 0xf6ffe000-0xf71fc000    
<30>[   33.359878] virt_mshv_vtl::processor::hardware_cvm:  INFO  modify_gpa_visibility visibility=SHARED pages=0x4
<30>[   33.454850] tdcall:  INFO  tdcall_mem_page_release range=0xf71fc000-0xf7200000
<30>[   33.514428] log:  INFO  release_pages: 0xf71fc000-0xf7200000    
<30>[   33.565214] vmbus_server::channels:  INFO  client released channel offer_id=OfferId(0) key={3375baf4-9e15-4b30-b765-67acb10d607b}-{4487b255-b88c-403f-bb51-d1f69cf17f87}-0
<30>[   33.696382] vmbus_server::channels:  INFO  client released channel offer_id=OfferId(1) key={57164f39-9115-4e78-ab55-382f3bd5422d}-{fd149e91-82e0-4a7d-afa6-2a4166cbd7c0}-0
<30>[   33.819471] vmbus_server::channels:  INFO  client released channel offer_id=OfferId(2) key={a9a0f4e7-5a45-4d96-b827-8a841e8c03e6}-{242ff919-07db-4180-9c2e-b86cb68c8c55}-0
<30>[   33.938639] vmbus_server::channels:  INFO  client released channel offer_id=OfferId(3) key={0e0b6031-5213-4934-818b-38d90ced39db}-{b6650ff7-33bc-4840-8048-e0676786f393}-0
<30>[   34.064860] vmbus_server::channels:  INFO  client released channel offer_id=OfferId(4) key={9527e630-d0ae-497b-adce-e80ab0175caf}-{2dd1ce17-079e-403c-b352-a1921ee207ee}-0
<30>[   34.192149] vmbus_server::channels:  INFO  client released channel offer_id=OfferId(5) key={35fa2e29-ea23-4236-96ae-3a6ebacba440}-{2450ee40-33bf-4fbd-892e-9fb06e9214cf}-0
<30>[   34.311288] vmbus_server::channels:  INFO  client released channel offer_id=OfferId(6) key={276aacf4-ac15-426c-98dd-7521ad3f01fe}-{f5bee29c-1741-4aad-a4c2-8fdedb46dcc2}-0
<30>[   34.449919] vmbus_server::channels:  INFO  client released channel offer_id=OfferId(7) key={ba6163d9-04a1-4d29-b605-72e2ffb1dc7f}-{d853390f-b6c5-42b2-b5ea-7dcceb18bb44}-0
<30>[   34.564610] vmbus_server::channels:  INFO  client released channel offer_id=OfferId(8) key={f8615163-df3e-46c5-913f-f2d2f965ed0e}-{ce45c6f2-1cca-4093-95bd-426b9e8885e9}-0
<30>[   34.703665] vmbus_server::channels:  INFO  Guest negotiated version vtl=0x0 version=VersionInfo { version: Copper, feature_flags: FeatureFlags { guest_specified_signal_parameters: false, channel_interrupt_redirection: false, modify_connection: false, client_id: true, confidential_channels: true, pause_resume: false, server_specified_monitor_pages: false } } client_id=18dd3964-3e8a-4e42-86fa-c8e6b191ee0e trusted=true
<30>[   34.979814] vmbus_server::channels:  INFO  sending offer to guest channel_id=0x1 connection_id=0x2001 key={0e0b6031-5213-4934-818b-38d90ced39db}-{b6650ff7-33bc-4840-8048-e0676786f393}-0
<30>[   35.119533] vmbus_server::channels:  INFO  sending offer to guest channel_id=0x2 connection_id=0x2002 key={276aacf4-ac15-426c-98dd-7521ad3f01fe}-{f5bee29c-1741-4aad-a4c2-8fdedb46dcc2}-0
<30>[   35.245579] vmbus_server::channels:  INFO  sending offer to guest channel_id=0x3 connection_id=0x2003 key={3375baf4-9e15-4b30-b765-67acb10d607b}-{4487b255-b88c-403f-bb51-d1f69cf17f87}-0
<30>[   35.389679] vmbus_server::channels:  INFO  sending offer to guest channel_id=0x4 connection_id=0x2004 key={35fa2e29-ea23-4236-96ae-3a6ebacba440}-{2450ee40-33bf-4fbd-892e-9fb06e9214cf}-0
<30>[   35.529860] vmbus_server::channels:  INFO  sending offer to guest channel_id=0x5 connection_id=0x2005 key={57164f39-9115-4e78-ab55-382f3bd5422d}-{fd149e91-82e0-4a7d-afa6-2a4166cbd7c0}-0
<30>[   35.656213] vmbus_server::channels:  INFO  sending offer to guest channel_id=0x6 connection_id=0x2006 key={9527e630-d0ae-497b-adce-e80ab0175caf}-{2dd1ce17-079e-403c-b352-a1921ee207ee}-0
<30>[   35.793504] vmbus_server::channels:  INFO  sending offer to guest channel_id=0x7 connection_id=0x2007 key={a9a0f4e7-5a45-4d96-b827-8a841e8c03e6}-{242ff919-07db-4180-9c2e-b86cb68c8c55}-0
<30>[   35.930452] vmbus_server::channels:  INFO  sending offer to guest channel_id=0x8 connection_id=0x2008 key={ba6163d9-04a1-4d29-b605-72e2ffb1dc7f}-{d853390f-b6c5-42b2-b5ea-7dcceb18bb44}-0
<30>[   36.059107] vmbus_server::channels:  INFO  sending offer to guest channel_id=0x9 connection_id=0x2009 key={f8615163-df3e-46c5-913f-f2d2f965ed0e}-{ce45c6f2-1cca-4093-95bd-426b9e8885e9}-0
<30>[   36.518463] virt_mshv_vtl::processor::hardware_cvm:  INFO  modify_gpa_visibility visibility=SHARED pages=0x16
<30>[   36.616947] tdcall:  INFO  tdcall_mem_page_release range=0xf6dcb000-0xf6de1000
<30>[   36.682885] log:  INFO  release_pages: 0xf6dcb000-0xf6de1000    
<30>[   36.738278] vmbus_client:  INFO  opening channel on host channel_id=0x8 key={ba6163d9-04a1-4d29-b605-72e2ffb1dc7f}-{d853390f-b6c5-42b2-b5ea-7dcceb18bb44}-0
<30>[   36.868039] vmbus_server::channels:  INFO  opened channel offer_id=0x7 channel_id=0x8 key={ba6163d9-04a1-4d29-b605-72e2ffb1dc7f}-{d853390f-b6c5-42b2-b5ea-7dcceb18bb44}-0 result=0
<30>[   37.008546] virt_mshv_vtl::processor::hardware_cvm:  INFO  modify_gpa_visibility visibility=SHARED pages=0x20
<30>[   37.090435] tdcall:  INFO  tdcall_mem_page_release range=0xf6dab000-0xf6dcb000
<30>[   37.163394] log:  INFO  release_pages: 0xf6dab000-0xf6dcb000    
<30>[   37.711187] virt_mshv_vtl::processor::hardware_cvm:  INFO  modify_gpa_visibility visibility=SHARED pages=0x1fe
<30>[   37.795512] tdcall:  INFO  tdcall_mem_page_release range=0xf62bd000-0xf64bb000
<30>[   37.861121] log:  INFO  release_pages: 0xf62bd000-0xf64bb000    
<30>[   37.920439] virt_mshv_vtl::processor::hardware_cvm:  INFO  modify_gpa_visibility visibility=SHARED pages=0xd3
<30>[   38.003092] tdcall:  INFO  tdcall_mem_page_release range=0xf64bb000-0xf658e000
<30>[   38.064250] log:  INFO  release_pages: 0xf64bb000-0xf658e000    
<30>[   38.557380] virt_mshv_vtl::processor::hardware_cvm:  INFO  modify_gpa_visibility visibility=SHARED pages=0x1fe
<30>[   38.616884] tdcall:  INFO  tdcall_mem_page_release range=0xf5c33000-0xf5e31000
<30>[   38.665251] log:  INFO  release_pages: 0xf5c33000-0xf5e31000    
<30>[   38.728145] virt_mshv_vtl::processor::hardware_cvm:  INFO  modify_gpa_visibility visibility=SHARED pages=0x162
<30>[   38.813574] tdcall:  INFO  tdcall_mem_page_release range=0xf5e31000-0xf5f93000
<30>[   38.880565] log:  INFO  release_pages: 0xf5e31000-0xf5f93000    
<30>[   39.970257] virt_mshv_vtl::processor::hardware_cvm:  INFO  modify_gpa_visibility visibility=SHARED pages=0x1fe
<30>[   40.036914] tdcall:  INFO  tdcall_mem_page_release range=0xf5590000-0xf578e000
<30>[   40.082540] log:  INFO  release_pages: 0xf5590000-0xf578e000    
<30>[   40.138561] virt_mshv_vtl::processor::hardware_cvm:  INFO  modify_gpa_visibility visibility=SHARED pages=0x1fe
<30>[   40.228536] tdcall:  INFO  tdcall_mem_page_release range=0xf578e000-0xf598c000
<30>[   40.296527] log:  INFO  release_pages: 0xf578e000-0xf598c000    
<30>[   40.353341] virt_mshv_vtl::processor::hardware_cvm:  INFO  modify_gpa_visibility visibility=SHARED pages=0x1fe
<30>[   40.436332] tdcall:  INFO  tdcall_mem_page_release range=0xf598c000-0xf5b8a000
<30>[   40.497954] log:  INFO  release_pages: 0xf598c000-0xf5b8a000    
<30>[   40.554885] virt_mshv_vtl::processor::hardware_cvm:  INFO  modify_gpa_visibility visibility=SHARED pages=0xa9
<30>[   40.650087] tdcall:  INFO  tdcall_mem_page_release range=0xf5b8a000-0xf5c33000
<30>[   40.707795] log:  INFO  release_pages: 0xf5b8a000-0xf5c33000    
<30>[   41.685359] firmware_uefi::service::event_log:  INFO  uefi boot: success
<30>[   41.730431] firmware_uefi::service::nvram:  INFO  Revoking guest vsm
<30>[   41.823697] vmbus_server::channels:  INFO  client released channel offer_id=OfferId(0) key={3375baf4-9e15-4b30-b765-67acb10d607b}-{4487b255-b88c-403f-bb51-d1f69cf17f87}-0
<30>[   41.942857] vmbus_server::channels:  INFO  client released channel offer_id=OfferId(1) key={57164f39-9115-4e78-ab55-382f3bd5422d}-{fd149e91-82e0-4a7d-afa6-2a4166cbd7c0}-0
<30>[   42.063979] vmbus_server::channels:  INFO  client released channel offer_id=OfferId(2) key={a9a0f4e7-5a45-4d96-b827-8a841e8c03e6}-{242ff919-07db-4180-9c2e-b86cb68c8c55}-0
<30>[   42.189596] vmbus_server::channels:  INFO  client released channel offer_id=OfferId(3) key={0e0b6031-5213-4934-818b-38d90ced39db}-{b6650ff7-33bc-4840-8048-e0676786f393}-0
<30>[   42.331579] vmbus_server::channels:  INFO  client released channel offer_id=OfferId(4) key={9527e630-d0ae-497b-adce-e80ab0175caf}-{2dd1ce17-079e-403c-b352-a1921ee207ee}-0
<30>[   42.445628] vmbus_server::channels:  INFO  client released channel offer_id=OfferId(5) key={35fa2e29-ea23-4236-96ae-3a6ebacba440}-{2450ee40-33bf-4fbd-892e-9fb06e9214cf}-0
<30>[   42.561016] vmbus_server::channels:  INFO  client released channel offer_id=OfferId(6) key={276aacf4-ac15-426c-98dd-7521ad3f01fe}-{f5bee29c-1741-4aad-a4c2-8fdedb46dcc2}-0
<30>[   42.676155] vmbus_server::channels:  INFO  client released channel offer_id=OfferId(7) key={ba6163d9-04a1-4d29-b605-72e2ffb1dc7f}-{d853390f-b6c5-42b2-b5ea-7dcceb18bb44}-0
<30>[   42.792002] vmbus_server::channels:  INFO  client released channel offer_id=OfferId(8) key={f8615163-df3e-46c5-913f-f2d2f965ed0e}-{ce45c6f2-1cca-4093-95bd-426b9e8885e9}-0
<30>[   42.921718] vmbus_client:  INFO  closing channel on host channel_id=0x8 key={ba6163d9-04a1-4d29-b605-72e2ffb1dc7f}-{d853390f-b6c5-42b2-b5ea-7dcceb18bb44}-0
<30>[   43.031748] vmbus_server::channels:  INFO  closed channel offer_id=0x7 key={ba6163d9-04a1-4d29-b605-72e2ffb1dc7f}-{d853390f-b6c5-42b2-b5ea-7dcceb18bb44}-0
<30>[   43.146081] vmbus_server::channels:  INFO  Vmbus disconnected
<27>[   43.199177] firmware_uefi::service::diagnostics: ERROR  EFI log entry debug_level=ERROR ticks=0x18ccf5ea phase=PEI_CORE log_message="InstallPermanentMemoryBuffer: - New Info=33DF4000, Buffer Offset=58, Current Offset=1000, Size=4194216, Discarded=6311"
<27>[   43.378983] firmware_uefi::service::diagnostics: ERROR  EFI log entry debug_level=ERROR ticks=0x18cf0473 phase=PEI_CORE log_message="SyncPcrAllocationsAndPcrMask!"
<27>[   43.509725] firmware_uefi::service::diagnostics: ERROR  EFI log entry debug_level=ERROR ticks=0x18dfead9 phase=PEI_CORE log_message="PeiDelayedDispatchOnEndOfPei Count of dispatch cycles is 0"
<28>[   43.652150] firmware_uefi::service::diagnostics:  WARN  EFI log entry debug_level=WARNING ticks=0x1b2602b2 phase=DXE log_message="VmbusRootIsChannelAllowed: Channel not allowed during boot (0E0B6031-5213-4934-818B-38D90CED39DB)."
<28>[   43.822499] firmware_uefi::service::diagnostics:  WARN  EFI log entry debug_level=WARNING ticks=0x1b260898 phase=DXE log_message="VmbusRootIsChannelAllowed: Channel not allowed during boot (276AACF4-AC15-426C-98DD-7521AD3F01FE)."
<28>[   43.983953] firmware_uefi::service::diagnostics:  WARN  EFI log entry debug_level=WARNING ticks=0x1b260e3f phase=DXE log_message="VmbusRootIsChannelAllowed: Channel not allowed during boot (3375BAF4-9E15-4B30-B765-67ACB10D607B)."
<28>[   44.152726] firmware_uefi::service::diagnostics:  WARN  EFI log entry debug_level=WARNING ticks=0x1b2613e1 phase=DXE log_message="VmbusRootIsChannelAllowed: Channel not allowed during boot (35FA2E29-EA23-4236-96AE-3A6EBACBA440)."
<28>[   44.325785] firmware_uefi::service::diagnostics:  WARN  EFI log entry debug_level=WARNING ticks=0x1b261974 phase=DXE log_message="VmbusRootIsChannelAllowed: Channel not allowed during boot (57164F39-9115-4E78-AB55-382F3BD5422D)."
<28>[   44.488429] firmware_uefi::service::diagnostics:  WARN  EFI log entry debug_level=WARNING ticks=0x1b261efb phase=DXE log_message="VmbusRootIsChannelAllowed: Channel not allowed during boot (9527E630-D0AE-497B-ADCE-E80AB0175CAF)."
<28>[   44.651796] firmware_uefi::service::diagnostics:  WARN  EFI log entry debug_level=WARNING ticks=0x1b26247d phase=DXE log_message="VmbusRootIsChannelAllowed: Channel not allowed during boot (A9A0F4E7-5A45-4D96-B827-8A841E8C03E6)."
<28>[   44.820263] firmware_uefi::service::diagnostics:  WARN  EFI log entry debug_level=WARNING ticks=0x1b267400 phase=DXE log_message="FPDT: WARNING: SEC Performance Data Hob not found, ResetEnd will be set to 0!"
<27>[   44.980387] firmware_uefi::service::diagnostics: ERROR  EFI log entry debug_level=ERROR ticks=0x1b26803a phase=DXE log_message="Error: Image at 000F7E17000 start failed: Unsupported"
<27>[   45.108318] firmware_uefi::service::diagnostics: ERROR  EFI log entry debug_level=ERROR ticks=0x1b4a2105 phase=DXE log_message="Error: Image at 000F7B7B000 start failed: Unsupported"
<28>[   45.241064] firmware_uefi::service::diagnostics:  WARN  EFI log entry debug_level=WARNING ticks=0x1b54f3f2 phase=DXE log_message="Handle for Hyper-V keyboard device not found"
<28>[   45.366465] firmware_uefi::service::diagnostics:  WARN  EFI log entry debug_level=WARNING ticks=0x1b54f47e phase=DXE log_message="Handle for Hyper-V video device not found"
<28>[   45.486799] firmware_uefi::service::diagnostics:  WARN  EFI log entry debug_level=WARNING ticks=0x1ba09545 phase=DXE log_message="EmclpAcquireBouncePages(2947) Context=F6DE7698 PageCount=1 Returning=NULL"
<27>[   45.628996] firmware_uefi::service::diagnostics: ERROR  EFI log entry debug_level=ERROR ticks=0x1bcf55aa phase=DXE log_message="Could not uninstall EMCL protocol"
<28>[   45.758268] firmware_uefi::service::diagnostics:  WARN  EFI log entry debug_level=WARNING ticks=0x1c0bb219 phase=DXE log_message="EmclpAcquireBouncePages(2947) Context=F6DE7698 PageCount=721 Returning=NULL"
<28>[   45.873420] firmware_uefi::service::diagnostics:  WARN  EFI log entry debug_level=WARNING ticks=0x1c8cbeeb phase=DXE log_message="EmclpAcquireBouncePages(2947) Context=F6DE7698 PageCount=864 Returning=NULL"
<28>[   46.031468] firmware_uefi::service::diagnostics:  WARN  EFI log entry debug_level=WARNING ticks=0x1d642197 phase=DXE log_message="EmclpAcquireBouncePages(2947) Context=F6DE7698 PageCount=1699 Returning=NULL"
<27>[   46.179175] firmware_uefi::service::diagnostics: ERROR  EFI log entry debug_level=ERROR ticks=0x1e710f82 phase=RUNTIME log_message="SecurityLock::LockType: SOFTWARE_LOCK, Module: 42857F0A-13F2-4B21-8A23-53D3F714B840, Function: LockCapsuleInterface, Output: Lock Capsule Interface"
<28>[   46.394000] firmware_uefi::service::diagnostics:  WARN  EFI log entry debug_level=WARNING ticks=0x1e7f4d5b phase=DXE log_message="VmbusRootExitBootServices (1374) GPADL 0x1 not cleaned up."
<28>[   46.541344] firmware_uefi::service::diagnostics:  WARN  EFI log entry debug_level=WARNING ticks=0x1e7f4e39 phase=DXE log_message="VmbusRootExitBootServices (1383) orphaned 1 GPADLs (IsolationArchitecture=3)"
<28>[   46.687646] firmware_uefi::service::diagnostics::processor:  WARN  suppressed logs substring="ConvertPages: Incompatible memory types" count=0x1
<28>[   46.802531] firmware_uefi::service::diagnostics::processor:  WARN  suppressed logs substring="ConvertPages: failed to find range" count=0x1
<30>[   46.908751] firmware_uefi::service::diagnostics::processor:  INFO  processed EFI log entries entries_processed=0x6ecf entries_emitted=0x17 bytes_read=0x38f6f0
<30>[   47.031191] virt_mshv_vtl::processor::hardware_cvm:  INFO  modify_gpa_visibility visibility=PRIVATE pages=0x1fe
<30>[   47.113973] tdcall:  INFO  accept_pages range=0xf6e00000-0xf6ffe000
<30>[   47.179933] virt_mshv_vtl::processor::hardware_cvm:  INFO  modify_gpa_visibility visibility=PRIVATE pages=0x1fe
<30>[   47.269956] tdcall:  INFO  accept_pages range=0xf6ffe000-0xf71fc000
<30>[   47.328298] virt_mshv_vtl::processor::hardware_cvm:  INFO  modify_gpa_visibility visibility=PRIVATE pages=0x4
<30>[   47.411409] tdcall:  INFO  accept_pages range=0xf71fc000-0xf7200000
<30>[   47.467947] virt_mshv_vtl::processor::hardware_cvm:  INFO  modify_gpa_visibility visibility=PRIVATE pages=0x16
<30>[   47.552642] tdcall:  INFO  accept_pages range=0xf6dcb000-0xf6de1000
<30>[   47.610848] virt_mshv_vtl::processor::hardware_cvm:  INFO  modify_gpa_visibility visibility=PRIVATE pages=0x20
<30>[   47.690416] tdcall:  INFO  accept_pages range=0xf6dab000-0xf6dcb000
<30>[   47.742291] virt_mshv_vtl::processor::hardware_cvm:  INFO  modify_gpa_visibility visibility=PRIVATE pages=0x1fe
<30>[   47.839044] tdcall:  INFO  accept_pages range=0xf62bd000-0xf64bb000
<30>[   47.897970] virt_mshv_vtl::processor::hardware_cvm:  INFO  modify_gpa_visibility visibility=PRIVATE pages=0xd3
<30>[   47.981211] tdcall:  INFO  accept_pages range=0xf64bb000-0xf658e000
<30>[   48.050713] virt_mshv_vtl::processor::hardware_cvm:  INFO  modify_gpa_visibility visibility=PRIVATE pages=0x1fe
<30>[   48.135392] tdcall:  INFO  accept_pages range=0xf5c33000-0xf5e31000
<30>[   48.196378] virt_mshv_vtl::processor::hardware_cvm:  INFO  modify_gpa_visibility visibility=PRIVATE pages=0x162
<30>[   48.280309] tdcall:  INFO  accept_pages range=0xf5e31000-0xf5f93000
<30>[   48.347895] virt_mshv_vtl::processor::hardware_cvm:  INFO  modify_gpa_visibility visibility=PRIVATE pages=0x1fe
<30>[   48.436671] tdcall:  INFO  accept_pages range=0xf5590000-0xf578e000
<30>[   48.503488] virt_mshv_vtl::processor::hardware_cvm:  INFO  modify_gpa_visibility visibility=PRIVATE pages=0x1fe
<30>[   48.589639] tdcall:  INFO  accept_pages range=0xf578e000-0xf598c000
<30>[   48.657630] virt_mshv_vtl::processor::hardware_cvm:  INFO  modify_gpa_visibility visibility=PRIVATE pages=0x1fe
<30>[   48.749073] tdcall:  INFO  accept_pages range=0xf598c000-0xf5b8a000
<30>[   48.813334] virt_mshv_vtl::processor::hardware_cvm:  INFO  modify_gpa_visibility visibility=PRIVATE pages=0xa9
<30>[   48.901924] tdcall:  INFO  accept_pages range=0xf5b8a000-0xf5c33000
<30>[   48.964238] virt_mshv_vtl::processor::hardware_cvm:  INFO  modify_gpa_visibility visibility=PRIVATE pages=0x1
<30>[   49.045244] tdcall:  INFO  accept_pages range=0xf74a3000-0xf74a4000
<30>[   50.457353] virt_mshv_vtl::processor::hardware_cvm:  INFO  modify_gpa_visibility visibility=SHARED pages=0x1
<30>[   50.486439] tdcall:  INFO  tdcall_mem_page_release range=0x40ae16000-0x40ae17000
<30>[   50.511158] log:  INFO  release_pages: 0x40ae16000-0x40ae17000    
<30>[   50.548620] virt_mshv_vtl::processor::hardware_cvm:  INFO  modify_gpa_visibility visibility=SHARED pages=0x1
<30>[   50.581211] tdcall:  INFO  tdcall_mem_page_release range=0x40ae17000-0x40ae18000
<30>[   50.607201] log:  INFO  release_pages: 0x40ae17000-0x40ae18000    
<30>[   50.614347] virt_mshv_vtl::processor::hardware_cvm:  INFO  modify_gpa_visibility visibility=SHARED pages=0x1
<30>[   50.626027] tdcall:  INFO  tdcall_mem_page_release range=0x40ae18000-0x40ae19000
<30>[   50.634425] log:  INFO  release_pages: 0x40ae18000-0x40ae19000    
<30>[   50.640874] virt_mshv_vtl::processor::hardware_cvm:  INFO  modify_gpa_visibility visibility=SHARED pages=0x1
<30>[   50.654580] tdcall:  INFO  tdcall_mem_page_release range=0x40ae19000-0x40ae1a000
<30>[   50.662144] log:  INFO  release_pages: 0x40ae19000-0x40ae1a000    
<30>[   50.671077] virt_mshv_vtl::processor::hardware_cvm:  INFO  modify_gpa_visibility visibility=SHARED pages=0x1
<30>[   50.697238] tdcall:  INFO  tdcall_mem_page_release range=0x40ae1a000-0x40ae1b000
<30>[   50.707047] log:  INFO  release_pages: 0x40ae1a000-0x40ae1b000    
<30>[   50.767283] virt_mshv_vtl::processor::hardware_cvm:  INFO  modify_gpa_visibility visibility=SHARED pages=0x2
<30>[   50.851717] tdcall:  INFO  tdcall_mem_page_release range=0x3fffa000-0x3fffc000
<30>[   50.872727] log:  INFO  release_pages: 0x3fffa000-0x3fffc000    
<30>[   50.880040] vmbus_server::channels:  INFO  client released channel offer_id=OfferId(0) key={3375baf4-9e15-4b30-b765-67acb10d607b}-{4487b255-b88c-403f-bb51-d1f69cf17f87}-0
<30>[   50.934927] vmbus_server::channels:  INFO  client released channel offer_id=OfferId(1) key={57164f39-9115-4e78-ab55-382f3bd5422d}-{fd149e91-82e0-4a7d-afa6-2a4166cbd7c0}-0
<30>[   50.974972] vmbus_server::channels:  INFO  client released channel offer_id=OfferId(2) key={a9a0f4e7-5a45-4d96-b827-8a841e8c03e6}-{242ff919-07db-4180-9c2e-b86cb68c8c55}-0
<30>[   51.016727] vmbus_server::channels:  INFO  client released channel offer_id=OfferId(3) key={0e0b6031-5213-4934-818b-38d90ced39db}-{b6650ff7-33bc-4840-8048-e0676786f393}-0
<30>[   51.058376] vmbus_server::channels:  INFO  client released channel offer_id=OfferId(4) key={9527e630-d0ae-497b-adce-e80ab0175caf}-{2dd1ce17-079e-403c-b352-a1921ee207ee}-0
<30>[   51.097338] vmbus_server::channels:  INFO  client released channel offer_id=OfferId(5) key={35fa2e29-ea23-4236-96ae-3a6ebacba440}-{2450ee40-33bf-4fbd-892e-9fb06e9214cf}-0
<30>[   51.149629] vmbus_server::channels:  INFO  client released channel offer_id=OfferId(6) key={276aacf4-ac15-426c-98dd-7521ad3f01fe}-{f5bee29c-1741-4aad-a4c2-8fdedb46dcc2}-0
<30>[   51.205658] vmbus_server::channels:  INFO  client released channel offer_id=OfferId(7) key={ba6163d9-04a1-4d29-b605-72e2ffb1dc7f}-{d853390f-b6c5-42b2-b5ea-7dcceb18bb44}-0
<30>[   51.271668] vmbus_server::channels:  INFO  client released channel offer_id=OfferId(8) key={f8615163-df3e-46c5-913f-f2d2f965ed0e}-{ce45c6f2-1cca-4093-95bd-426b9e8885e9}-0
<30>[   51.319681] vmbus_server::channels:  INFO  Guest negotiated version vtl=0x0 version=VersionInfo { version: Copper, feature_flags: FeatureFlags { guest_specified_signal_parameters: false, channel_interrupt_redirection: false, modify_connection: false, client_id: true, confidential_channels: true, pause_resume: false, server_specified_monitor_pages: true } } client_id=4d8f9564-1aac-4579-a02d-c157841133fe trusted=true
<30>[   51.378892] vmbus_server::channels:  INFO  sending offer to guest channel_id=0x1 connection_id=0x2001 key={0e0b6031-5213-4934-818b-38d90ced39db}-{b6650ff7-33bc-4840-8048-e0676786f393}-0
<30>[   51.399287] vmbus_server::channels:  INFO  sending offer to guest channel_id=0x2 connection_id=0x2002 key={276aacf4-ac15-426c-98dd-7521ad3f01fe}-{f5bee29c-1741-4aad-a4c2-8fdedb46dcc2}-0
<30>[   51.425479] vmbus_server::channels:  INFO  sending offer to guest channel_id=0x3 connection_id=0x2003 key={3375baf4-9e15-4b30-b765-67acb10d607b}-{4487b255-b88c-403f-bb51-d1f69cf17f87}-0
<30>[   51.466623] vmbus_server::channels:  INFO  sending offer to guest channel_id=0x4 connection_id=0x2004 key={35fa2e29-ea23-4236-96ae-3a6ebacba440}-{2450ee40-33bf-4fbd-892e-9fb06e9214cf}-0
<30>[   51.501983] vmbus_server::channels:  INFO  sending offer to guest channel_id=0x5 connection_id=0x2005 key={57164f39-9115-4e78-ab55-382f3bd5422d}-{fd149e91-82e0-4a7d-afa6-2a4166cbd7c0}-0
<30>[   51.537836] vmbus_server::channels:  INFO  sending offer to guest channel_id=0x6 connection_id=0x2006 key={9527e630-d0ae-497b-adce-e80ab0175caf}-{2dd1ce17-079e-403c-b352-a1921ee207ee}-0
<30>[   51.602635] vmbus_server::channels:  INFO  sending offer to guest channel_id=0x7 connection_id=0x2007 key={a9a0f4e7-5a45-4d96-b827-8a841e8c03e6}-{242ff919-07db-4180-9c2e-b86cb68c8c55}-0
<30>[   51.670304] vmbus_server::channels:  INFO  sending offer to guest channel_id=0x8 connection_id=0x2008 key={ba6163d9-04a1-4d29-b605-72e2ffb1dc7f}-{d853390f-b6c5-42b2-b5ea-7dcceb18bb44}-0
<30>[   51.714678] vmbus_server::channels:  INFO  sending offer to guest channel_id=0x9 connection_id=0x2009 key={f8615163-df3e-46c5-913f-f2d2f965ed0e}-{ce45c6f2-1cca-4093-95bd-426b9e8885e9}-0
<30>[   51.786717] virt_mshv_vtl::processor::hardware_cvm:  INFO  modify_gpa_visibility visibility=SHARED pages=0x16
<30>[   51.847996] tdcall:  INFO  tdcall_mem_page_release range=0x40ae1c000-0x40ae32000
<30>[   51.892574] log:  INFO  release_pages: 0x40ae1c000-0x40ae32000    
<30>[   51.914903] vmbus_client:  INFO  opening channel on host channel_id=0x8 key={ba6163d9-04a1-4d29-b605-72e2ffb1dc7f}-{d853390f-b6c5-42b2-b5ea-7dcceb18bb44}-0
<30>[   51.967245] vmbus_server::channels:  INFO  opened channel offer_id=0x7 channel_id=0x8 key={ba6163d9-04a1-4d29-b605-72e2ffb1dc7f}-{d853390f-b6c5-42b2-b5ea-7dcceb18bb44}-0 result=0
<30>[   52.016648] virt_mshv_vtl::processor::hardware_cvm:  INFO  modify_gpa_visibility visibility=SHARED pages=0x1fe
<30>[   52.045295] tdcall:  INFO  tdcall_mem_page_release range=0x40ae32000-0x40ae6d000
<30>[   52.064612] log:  INFO  release_pages: 0x40ae32000-0x40ae6d000    
<30>[   52.091251] tdcall:  INFO  tdcall_mem_page_release range=0x40ae02000-0x40ae08000
<30>[   52.112803] log:  INFO  release_pages: 0x40ae02000-0x40ae08000    
<30>[   52.128485] tdcall:  INFO  tdcall_mem_page_release range=0x40ae0a000-0x40ae0b000
<30>[   52.152967] log:  INFO  release_pages: 0x40ae0a000-0x40ae0b000    
<30>[   52.171390] tdcall:  INFO  tdcall_mem_page_release range=0x40ae0c000-0x40ae0d000
<30>[   52.194149] log:  INFO  release_pages: 0x40ae0c000-0x40ae0d000    
<30>[   52.214447] tdcall:  INFO  tdcall_mem_page_release range=0x33341b000-0x33341e000
<30>[   52.243146] log:  INFO  release_pages: 0x33341b000-0x33341e000    
<30>[   52.270176] tdcall:  INFO  tdcall_mem_page_release range=0x333423000-0x333425000
<30>[   52.304824] log:  INFO  release_pages: 0x333423000-0x333425000    
<30>[   52.335621] tdcall:  INFO  tdcall_mem_page_release range=0x333426000-0x333429000
<30>[   52.356410] log:  INFO  release_pages: 0x333426000-0x333429000    
<30>[   52.375135] tdcall:  INFO  tdcall_mem_page_release range=0x33342e000-0x333434000
<30>[   52.396851] log:  INFO  release_pages: 0x33342e000-0x333434000    
<30>[   52.417186] tdcall:  INFO  tdcall_mem_page_release range=0x33343c000-0x33343e000
<30>[   52.442564] log:  INFO  release_pages: 0x33343c000-0x33343e000    
<30>[   52.465390] tdcall:  INFO  tdcall_mem_page_release range=0x33343f000-0x333440000
<30>[   52.496321] log:  INFO  release_pages: 0x33343f000-0x333440000    
<30>[   52.526212] tdcall:  INFO  tdcall_mem_page_release range=0x333443000-0x333444000
<30>[   52.551242] log:  INFO  release_pages: 0x333443000-0x333444000    
<30>[   52.579455] tdcall:  INFO  tdcall_mem_page_release range=0x333445000-0x333447000
<30>[   52.608006] log:  INFO  release_pages: 0x333445000-0x333447000    
<30>[   52.626464] tdcall:  INFO  tdcall_mem_page_release range=0x33344a000-0x3335f1000
<30>[   52.648236] log:  INFO  release_pages: 0x33344a000-0x3335f1000    
<30>[   52.674673] virt_mshv_vtl::processor::hardware_cvm:  INFO  modify_gpa_visibility visibility=SHARED pages=0x1fe
<30>[   52.709056] tdcall:  INFO  tdcall_mem_page_release range=0x3335f1000-0x333600000
<30>[   52.740953] log:  INFO  release_pages: 0x3335f1000-0x333600000    
<30>[   52.761724] tdcall:  INFO  tdcall_mem_page_release range=0x409e00000-0x409fef000
<30>[   52.788589] log:  INFO  release_pages: 0x409e00000-0x409fef000    
<30>[   52.816420] virt_mshv_vtl::processor::hardware_cvm:  INFO  modify_gpa_visibility visibility=SHARED pages=0x1fe
<30>[   52.864691] tdcall:  INFO  tdcall_mem_page_release range=0x409fef000-0x40a000000
<30>[   52.893237] log:  INFO  release_pages: 0x409fef000-0x40a000000    
<30>[   52.914985] tdcall:  INFO  tdcall_mem_page_release range=0x40a00f000-0x40a1fc000
<30>[   52.931844] log:  INFO  release_pages: 0x40a00f000-0x40a1fc000    
<30>[   52.958176] virt_mshv_vtl::processor::hardware_cvm:  INFO  modify_gpa_visibility visibility=SHARED pages=0x1fe
<30>[   53.000460] tdcall:  INFO  tdcall_mem_page_release range=0x40a1fc000-0x40a200000
<30>[   53.028551] log:  INFO  release_pages: 0x40a1fc000-0x40a200000    
<30>[   53.047384] tdcall:  INFO  tdcall_mem_page_release range=0x40a400000-0x40a5fa000
<30>[   53.081390] log:  INFO  release_pages: 0x40a400000-0x40a5fa000    
<30>[   53.105362] virt_mshv_vtl::processor::hardware_cvm:  INFO  modify_gpa_visibility visibility=SHARED pages=0x8
<30>[   53.126396] tdcall:  INFO  tdcall_mem_page_release range=0x40a5fa000-0x40a602000
<30>[   53.164683] log:  INFO  release_pages: 0x40a5fa000-0x40a602000    
<30>[   53.728226] virt_mshv_vtl::processor::hardware_cvm:  INFO  modify_gpa_visibility visibility=SHARED pages=0x1
<30>[   53.780002] tdcall:  INFO  tdcall_mem_page_release range=0x40a61c000-0x40a61d000
<30>[   53.793103] log:  INFO  release_pages: 0x40a61c000-0x40a61d000    
<30>[   53.802999] virt_mshv_vtl::processor::hardware_cvm:  INFO  modify_gpa_visibility visibility=SHARED pages=0x6
<30>[   53.813311] tdcall:  INFO  tdcall_mem_page_release range=0x40a623000-0x40a629000
<30>[   53.819784] log:  INFO  release_pages: 0x40a623000-0x40a629000    
<30>[   53.829430] virt_mshv_vtl::processor::hardware_cvm:  INFO  modify_gpa_visibility visibility=SHARED pages=0x100
<30>[   53.838571] tdcall:  INFO  tdcall_mem_page_release range=0x40a629000-0x40a729000
<30>[   53.846500] log:  INFO  release_pages: 0x40a629000-0x40a729000    
<30>[   54.698947] virt_mshv_vtl::processor::hardware_cvm:  INFO  modify_gpa_visibility visibility=SHARED pages=0x82
<30>[   54.763098] tdcall:  INFO  tdcall_mem_page_release range=0x40a769000-0x40a7eb000
<30>[   54.829170] log:  INFO  release_pages: 0x40a769000-0x40a7eb000    
<30>[   54.887740] vmbus_client:  INFO  opening channel on host channel_id=0x9 key={f8615163-df3e-46c5-913f-f2d2f965ed0e}-{ce45c6f2-1cca-4093-95bd-426b9e8885e9}-0
<30>[   55.015721] vmbus_server::channels:  INFO  opened channel offer_id=0x8 channel_id=0x9 key={f8615163-df3e-46c5-913f-f2d2f965ed0e}-{ce45c6f2-1cca-4093-95bd-426b9e8885e9}-0 result=0
<30>[   55.147731] virt_mshv_vtl::processor::hardware_cvm:  INFO  modify_gpa_visibility visibility=SHARED pages=0x1a3
<30>[   55.228208] tdcall:  INFO  tdcall_mem_page_release range=0x40a7ef000-0x40a800000
<30>[   55.288993] log:  INFO  release_pages: 0x40a7ef000-0x40a800000    
<30>[   55.348033] tdcall:  INFO  tdcall_mem_page_release range=0x40a74c000-0x40a74d000
<30>[   55.413645] log:  INFO  release_pages: 0x40a74c000-0x40a74d000    
<30>[   55.468073] tdcall:  INFO  tdcall_mem_page_release range=0x40a800000-0x40a991000
<30>[   55.527632] log:  INFO  release_pages: 0x40a800000-0x40a991000    
<30>[   55.605486] virt_mshv_vtl::processor::hardware_cvm:  INFO  modify_gpa_visibility visibility=SHARED pages=0x1fe
<30>[   55.660912] tdcall:  INFO  tdcall_mem_page_release range=0x40a993000-0x40ab91000
<30>[   55.693468] log:  INFO  release_pages: 0x40a993000-0x40ab91000    
<30>[   55.716175] virt_mshv_vtl::processor::hardware_cvm:  INFO  modify_gpa_visibility visibility=SHARED pages=0x1fe
<30>[   55.729520] tdcall:  INFO  tdcall_mem_page_release range=0x40ab91000-0x40ad8f000
<30>[   55.742807] log:  INFO  release_pages: 0x40ab91000-0x40ad8f000    
<30>[   55.760684] virt_mshv_vtl::processor::hardware_cvm:  INFO  modify_gpa_visibility visibility=SHARED pages=0x1fe
<30>[   55.773179] tdcall:  INFO  tdcall_mem_page_release range=0x40ad8f000-0x40ae00000
<30>[   55.789920] log:  INFO  release_pages: 0x40ad8f000-0x40ae00000    
<30>[   55.800660] tdcall:  INFO  tdcall_mem_page_release range=0x12e800000-0x12e98d000
<30>[   55.815326] log:  INFO  release_pages: 0x12e800000-0x12e98d000    
<30>[   55.832180] virt_mshv_vtl::processor::hardware_cvm:  INFO  modify_gpa_visibility visibility=SHARED pages=0x1fe
<30>[   55.854347] tdcall:  INFO  tdcall_mem_page_release range=0x12e98d000-0x12e9ac000
<30>[   55.868163] log:  INFO  release_pages: 0x12e98d000-0x12e9ac000    
<30>[   55.879319] tdcall:  INFO  tdcall_mem_page_release range=0x12e9ad000-0x12eb8c000
<30>[   55.892653] log:  INFO  release_pages: 0x12e9ad000-0x12eb8c000    
<30>[   55.911328] virt_mshv_vtl::processor::hardware_cvm:  INFO  modify_gpa_visibility visibility=SHARED pages=0x8
<30>[   55.925856] tdcall:  INFO  tdcall_mem_page_release range=0x12eb8c000-0x12eb94000
<30>[   55.945251] log:  INFO  release_pages: 0x12eb8c000-0x12eb94000    
<30>[   56.006934] virt_mshv_vtl::processor::hardware_cvm:  INFO  modify_gpa_visibility visibility=SHARED pages=0x100
<30>[   56.062606] tdcall:  INFO  tdcall_mem_page_release range=0x12ebb4000-0x12ecb4000
<30>[   56.088225] log:  INFO  release_pages: 0x12ebb4000-0x12ecb4000    
<30>[   56.140390] vmbus_client:  INFO  received offer state=Connected channel_id=0xa interface_id=f8615163-df3e-46c5-913f-f2d2f965ed0e instance_id=ce45c6f2-1cca-4093-95bd-426b9e8885e9 subchannel_index=0x1
<30>[   56.254317] vmbus_server::channels:  INFO  sending offer to guest channel_id=0xa connection_id=0x200a key={f8615163-df3e-46c5-913f-f2d2f965ed0e}-{ce45c6f2-1cca-4093-95bd-426b9e8885e9}-1
<30>[   56.315678] vmbus_server::channels:  INFO  new channel offer_id=OfferId(9) key={f8615163-df3e-46c5-913f-f2d2f965ed0e}-{ce45c6f2-1cca-4093-95bd-426b9e8885e9}-1 confidential_ring_buffer=false confidential_external_memory=false
<30>[   56.412222] virt_mshv_vtl::processor::hardware_cvm:  INFO  modify_gpa_visibility visibility=SHARED pages=0x82
<30>[   56.478965] tdcall:  INFO  tdcall_mem_page_release range=0x12ecbc000-0x12ed3e000
<30>[   56.507263] log:  INFO  release_pages: 0x12ecbc000-0x12ed3e000    
<30>[   56.528154] vmbus_client:  INFO  opening channel on host channel_id=0xa key={f8615163-df3e-46c5-913f-f2d2f965ed0e}-{ce45c6f2-1cca-4093-95bd-426b9e8885e9}-1
<30>[   56.621460] vmbus_server::channels:  INFO  opened channel offer_id=0x9 channel_id=0xa key={f8615163-df3e-46c5-913f-f2d2f965ed0e}-{ce45c6f2-1cca-4093-95bd-426b9e8885e9}-1 result=0
<30>[   56.748776] virt_mshv_vtl::processor::hardware_cvm:  INFO  modify_gpa_visibility visibility=SHARED pages=0x1a3
<30>[   56.852029] tdcall:  INFO  tdcall_mem_page_release range=0x12ed3e000-0x12ee00000
<30>[   56.873565] log:  INFO  release_pages: 0x12ed3e000-0x12ee00000    
<30>[   56.884807] tdcall:  INFO  tdcall_mem_page_release range=0x12ecba000-0x12ecbb000
<30>[   56.942735] log:  INFO  release_pages: 0x12ecba000-0x12ecbb000    
<30>[   57.008385] tdcall:  INFO  tdcall_mem_page_release range=0x313a00000-0x313ae0000
<30>[   57.078298] log:  INFO  release_pages: 0x313a00000-0x313ae0000    
<30>[   64.133589] virt_mshv_vtl::processor::hardware_cvm:  INFO  modify_gpa_visibility visibility=SHARED pages=0xc
<30>[   64.192324] tdcall:  INFO  tdcall_mem_page_release range=0x314371000-0x31437d000
<30>[   64.261853] log:  INFO  release_pages: 0x314371000-0x31437d000    
<30>[   64.313835] virt_mshv_vtl::processor::hardware_cvm:  INFO  modify_gpa_visibility visibility=SHARED pages=0xc
<30>[   64.365496] tdcall:  INFO  tdcall_mem_page_release range=0x31437d000-0x314389000
<30>[   64.405526] log:  INFO  release_pages: 0x31437d000-0x314389000    
<30>[   64.423800] vmbus_client:  INFO  opening channel on host channel_id=0x2 key={57164f39-9115-4e78-ab55-382f3bd5422d}-{fd149e91-82e0-4a7d-afa6-2a4166cbd7c0}-0
<30>[   64.463241] virt_mshv_vtl::processor::hardware_cvm:  INFO  modify_gpa_visibility visibility=SHARED pages=0xc
<30>[   64.541056] tdcall:  INFO  tdcall_mem_page_release range=0x314389000-0x314395000
<30>[   64.626917] log:  INFO  release_pages: 0x314389000-0x314395000    
<30>[   64.690801] vmbus_server::channels:  INFO  opened channel offer_id=0x1 channel_id=0x5 key={57164f39-9115-4e78-ab55-382f3bd5422d}-{fd149e91-82e0-4a7d-afa6-2a4166cbd7c0}-0 result=0
<30>[   64.827611] vmbus_client:  INFO  opening channel on host channel_id=0x4 key={0e0b6031-5213-4934-818b-38d90ced39db}-{b6650ff7-33bc-4840-8048-e0676786f393}-0
<30>[   64.946245] vmbus_server:  INFO  waking guest for outgoing ring channel={57164f39-9115-4e78-ab55-382f3bd5422d}-{fd149e91-82e0-4a7d-afa6-2a4166cbd7c0}-0
<30>[   65.060335] vmbus_server::channels:  INFO  opened channel offer_id=0x3 channel_id=0x1 key={0e0b6031-5213-4934-818b-38d90ced39db}-{b6650ff7-33bc-4840-8048-e0676786f393}-0 result=0
<30>[   65.204649] vmbus_client:  INFO  opening channel on host channel_id=0x3 key={a9a0f4e7-5a45-4d96-b827-8a841e8c03e6}-{242ff919-07db-4180-9c2e-b86cb68c8c55}-0
<30>[   65.329726] vmbus_server::channels:  INFO  opened channel offer_id=0x2 channel_id=0x7 key={a9a0f4e7-5a45-4d96-b827-8a841e8c03e6}-{242ff919-07db-4180-9c2e-b86cb68c8c55}-0 result=0
<30>[   65.870834] virt_mshv_vtl::processor::hardware_cvm:  INFO  modify_gpa_visibility visibility=SHARED pages=0xc
<30>[   65.918060] tdcall:  INFO  tdcall_mem_page_release range=0x3143b0000-0x3143bc000
<30>[   65.969157] log:  INFO  release_pages: 0x3143b0000-0x3143bc000    
<30>[   66.039890] vmbus_client:  INFO  opening channel on host channel_id=0x5 key={9527e630-d0ae-497b-adce-e80ab0175caf}-{2dd1ce17-079e-403c-b352-a1921ee207ee}-0
<30>[   66.147633] vmbus_server::channels:  INFO  opened channel offer_id=0x4 channel_id=0x6 key={9527e630-d0ae-497b-adce-e80ab0175caf}-{2dd1ce17-079e-403c-b352-a1921ee207ee}-0 result=0
<30>[   71.667379] vmbus_client:  INFO  received offer state=Connected channel_id=0xb interface_id=44c4f61d-4444-4400-9d52-802e27ede19f instance_id=1c24a78b-016d-44e5-8322-86366b606271 subchannel_index=0x0
<30>[   72.079915] vmbus_client:  INFO  opening channel on host channel_id=0xb key={44c4f61d-4444-4400-9d52-802e27ede19f}-{1c24a78b-016d-44e5-8322-86366b606271}-0
<30>[   72.230949] vpci_client:  INFO  sending VPCI MMIO base GPA in FDO_D0_ENTRY mmio_start_gpa=0xfeff80000
<30>[   72.302521] vpci_relay:  INFO  vpci relay device arrived instance_id=1c24a78b-016d-44e5-8322-86366b606271 vendor_id=0x8086 device_id=0xd52
<30>[   72.407204] vpci_relay:  INFO  assigned VPCI MMIO space for relayed device instance_id=1c24a78b-016d-44e5-8322-86366b606271 mmio_start_gpa=0xfeff80000 mmio_size=0x2000 mmio_end_gpa=0xfeff82000
<30>[   72.536878] vpci_client:  INFO  queried requirements bars=[
<30>[   72.536878]     0xffffe00c,
<30>[   72.536878]     0xffffffff,
<30>[   72.536878]     0x0,
<30>[   72.536878]     0x0,
<30>[   72.536878]     0xfffe000c,
<30>[   72.536878]     0xffffffff,
<30>[   72.536878] ]
<30>[   72.684683] vpci_client:  INFO  initializing vpci device id=DeviceId { slot: SlotNumber { device: 0, function: 0, reserved: 0 }, seq: 1 } hw_ids=HardwareIds { vendor_id: 8086, device_id: d52, revision_id: 0, prog_if: NONE, sub_class: NONE, base_class: UNASSIGNED, type0_sub_vendor_id: 0, type0_sub_system_id: 0 } numa_node=0x0 serial_num=0x27888 slot_device=0x0 slot_function=0x0 slot_raw=0x0
<30>[   74.751142] vpci_client:  INFO  vpci config space dump id=DeviceId { slot: SlotNumber { device: 0, function: 0, reserved: 0 }, seq: 1 } config_space_dwords=[ffffffff, 100000, ff000000, 0, c, 0, 0, 0, c, 0, 0, 0, 0, 40, 0, 0, 1128010, 10008fe2, 0, 608000, 0, 0, 0, 0, 0, 7b1b9f, 0, 0, 5, 0, 0, 0, 3840005, 0, 0, 0, 0, 0, 0, 0, 0, 0, 0, 0, 0, 0, 0, 0, 0, 0, 0, 0, 0, 0, 0, 0, 0, 0, 0, 0, 0, 0, 0, 0]
<30>[   74.784802] vpci_client:  INFO  init(): after bar_rao
<30>[   74.793316] vpci_relay:  INFO  relay_vpci_bus: vpci_device creation
<30>[   74.793316] 
<30>[   74.804786] vpci_client:  INFO  sending TDISP command payload payload_type="GetDeviceInterfaceInfo" data_length=0x4
<30>[   74.821017] vpci_client:  INFO  received TDISP response header tx_id=0x1 header_data_length=0x12 data_len=0x12
<30>[   74.866288] vpci_client:  INFO  res: GuestToHostResponse { result: Success, tdi_state_before: Unlocked, tdi_state_after: Unlocked, response: Some(GetDeviceInterfaceInfo(TdispCommandResponseGetDeviceInterfaceInfo { interface_info: Some(TdispDeviceInterfaceInfo { guest_protocol_type: AmdSevTioV1, supported_features: 47107, tdisp_device_id: 15 }) })) }
<30>[   74.974095] vpci_relay:  INFO  TDISP-capable device detected, executing startup flow device_interface_info=TdispDeviceInterfaceInfo { guest_protocol_type: AmdSevTioV1, supported_features: b803, tdisp_device_id: f }
<30>[   75.111885] vpci_client:  INFO  sending TDISP command payload payload_type="GetTdiReport" data_length=0x4
<30>[   75.173286] vpci_client:  INFO  received TDISP response header tx_id=0x1 header_data_length=0x14 data_len=0x14
<30>[   75.223311] vpci_client:  INFO  res: GuestToHostResponse { result: Success, tdi_state_before: Unlocked, tdi_state_after: Locked, response: Some(GetTdiReport(TdispCommandResponseGetTdiReport { report_type: TdiSupport, report_buffer: [1, 0, 0, 0, 0, 0, 0, 0] })) }
<30>[   75.429407] vpci_relay:  INFO  received TDI support during TDISP startup tdi_support_len=0x8
<30>[   75.498721] vpci_relay:  INFO  tdi_support: [1, 0, 0, 0, 0, 0, 0, 0]
<30>[   75.498721] 
<30>[   75.574433] vpci_client:  INFO  sending TDISP command payload payload_type="GetTdiReport" data_length=0x4
<30>[   75.654960] vpci_client:  INFO  received TDISP response header tx_id=0x1 header_data_length=0x14 data_len=0x14
<30>[   75.705857] vpci_client:  INFO  res: GuestToHostResponse { result: Success, tdi_state_before: Unlocked, tdi_state_after: Unlocked, response: Some(GetTdiReport(TdispCommandResponseGetTdiReport { report_type: GuestDeviceId, report_buffer: [3, 184, 0, 0, 0, 0, 0, 0] })) }
<30>[   75.851279] vpci_relay:  INFO  received TDI device ID: b803 during TDISP startup
<30>[   75.930778] vpci_client:  INFO  sending TDISP command payload payload_type="Bind" data_length=0x2
<30>[   76.141817] vpci_client:  INFO  received TDISP response header tx_id=0x1 header_data_length=0x8 data_len=0x8
<30>[   76.215988] vpci_client:  INFO  res: GuestToHostResponse { result: Success, tdi_state_before: Unlocked, tdi_state_after: Locked, response: Some(Bind(TdispCommandResponseBind)) }
<30>[   76.346027] vpci_relay:  INFO  TDISP interface bind succeeded tdi_device_id=0xb803
<30>[   76.486106] vpci_client:  INFO  sending TDISP command payload payload_type="GetTdiReport" data_length=0x4
<30>[   76.682305] vpci_client:  INFO  received TDISP response header tx_id=0x1 header_data_length=0x14 data_len=0x14
<30>[   76.722112] vpci_client:  INFO  res: GuestToHostResponse { result: Success, tdi_state_before: Locked, tdi_state_after: Locked, response: Some(GetTdiReport(TdispCommandResponseGetTdiReport { report_type: InterfaceStatus, report_buffer: [2, 0, 0, 0, 0, 0, 0, 0] })) }
<30>[   76.975957] vpci_relay:  INFO  received TDI tdi_status: 2 during TDISP startup
<30>[   77.016042] log:  INFO  gfunc: b803 field 2 out_buf 0    
<30>[   77.095941] log:  INFO  gfunc: b803 field 2 out_buf 0 rcx: 1 rax: 0    
<30>[   77.136852] vpci_relay:  INFO  TDG.TDI.RD tdcall completed during TDISP startup gfunction_id=0xb803 field=0x2 tdi_rd_state_value=0x1
<30>[   77.346179] log:  INFO  gfunc: b803 field 5 out_buf 0    
<30>[   77.466055] log:  INFO  gfunc: b803 field 5 out_buf 0 rcx: 0 rax: 0    
<30>[   77.566044] vpci_relay:  INFO  TDG.TDI.RD tdcall completed during TDISP startup gfunction_id=0xb803 field=0x5 tdi_rd_bindsession_value=0x0
<30>[   77.646553] vpci_relay:  INFO  Allocated private VTL2 DRAM page for TDI report hash gfunction_id=0xb803 tdi_rd_report_hash_gpa="0xb5c1000" pfn=0xb5c1
<30>[   77.816455] log:  INFO  gfunc: b803 field 3 out_buf b5c1000    
<30>[   78.076286] log:  INFO  gfunc: b803 field 3 out_buf b5c1000 rcx: 30 rax: 0    
<30>[   78.156970] vpci_relay:  INFO  TDG.TDI.RD tdcall completed during TDISP startup gfunction_id=0xb803 field=0x3 gpa=0xb5c1000 tdi_rd_report_hash_value=0x30 requested_hash_bytes=0x30 hash_bytes_len=0x30 tdi_rd_report_hash_hex=7cefcc78a45d95a66fdb5837f5b683a2aa07ae106f5b3c5a54ec6cfc08857442b1c9744e5f5360e8c5fc85c7b74d7fa8
<30>[   78.446042] vpci_client:  INFO  sending TDISP command payload payload_type="GetTdiReport" data_length=0x4
<30>[   78.547572] vpci_client:  INFO  received TDISP response header tx_id=0x1 header_data_length=0x50 data_len=0x50
<30>[   78.639145] vpci_client:  INFO  res: GuestToHostResponse { result: Success, tdi_state_before: Locked, tdi_state_after: Locked, response: Some(GetTdiReport(TdispCommandResponseGetTdiReport { report_type: InterfaceReport, report_buffer: [3, 0, 0, 0, 0, 0, 0, 0, 0, 0, 0, 0, 2, 0, 0, 0, 240, 216, 230, 31, 137, 201, 0, 0, 32, 0, 0, 0, 0, 0, 4, 0, 240, 88, 230, 31, 137, 201, 0, 0, 2, 0, 0, 0, 4, 0, 0, 0, 16, 0, 0, 0, 116, 100, 105, 115, 112, 95, 100, 101, 118, 95, 101, 109, 117, 0, 0, 0] })) }
<30>[   78.956067] vpci_relay:  INFO  received TDI report during TDISP startup tdi_report_buffer=[3, 0, 0, 0, 0, 0, 0, 0, 0, 0, 0, 0, 2, 0, 0, 0, f0, d8, e6, 1f, 89, c9, 0, 0, 20, 0, 0, 0, 0, 0, 4, 0, f0, 58, e6, 1f, 89, c9, 0, 0, 2, 0, 0, 0, 4, 0, 0, 0, 10, 0, 0, 0, 74, 64, 69, 73, 70, 5f, 64, 65, 76, 5f, 65, 6d, 75, 0, 0, 0]
<30>[   79.226611] vpci_relay:  INFO  computed SHA-384 digest for TDI report tdi_report_len=0x44 tdi_report_sha384=7cefcc78a45d95a66fdb5837f5b683a2aa07ae106f5b3c5a54ec6cfc08857442b1c9744e5f5360e8c5fc85c7b74d7fa8
<30>[   79.365983] vpci_relay:  INFO  TDG.TDI.RD report hash matches SHA-384 digest of TDI report tdi_report_sha384=7cefcc78a45d95a66fdb5837f5b683a2aa07ae106f5b3c5a54ec6cfc08857442b1c9744e5f5360e8c5fc85c7b74d7fa8
<30>[   79.516551] vpci_relay:  INFO  received TDI report during TDISP startup tdi_report=TdiReportStruct { interface_info: TdispTdiReportInterfaceInfo { firmware_update_allowed: true, generate_dma_without_pasid: true, generate_dma_with_pasid: false, ats_support_enabled: false, prs_support_enabled: false }, msi_x_message_control: 0, lnr_control: 0, tph_control: 0, mmio_interface_info: [TdispTdiReportMmioInterfaceInfo { first_4k_page_offset: c9891fe6d8f0, num_4k_pages: 20, flags: TdispTdiReportMmioFlags { range_maps_msix_table: false, range_maps_msix_pba: false, is_non_tee_mem: false, is_mem_attr_updatable: false }, range_id: 4 }, TdispTdiReportMmioInterfaceInfo { first_4k_page_offset: c9891fe658f0, num_4k_pages: 2, flags: TdispTdiReportMmioFlags { range_maps_msix_table: false, range_maps_msix_pba: false, is_non_tee_mem: true, is_mem_attr_updatable: false }, range_id: 0 }] }
<30>[   79.876314] vpci_client:  INFO  sending TDISP command payload payload_type="GetDeviceInfo" data_length=0x4
<30>[   79.967240] vpci_client:  INFO  received TDISP response header tx_id=0x1 header_data_length=0x644 data_len=0x644
<27>[   80.017892] vpci_client: ERROR  failed to decode host TDISP response payload tx_id=0x1 header=VpciTdispCommandHeader { message_type: 0, slot: SlotNumber { device: 0, function: 0, reserved: 0 }, data_length: 644 } data_len=0x644 preview_len=0x40 preview_bytes=[30, 2, 3, 87, c5, 0, 0, 0, 90, e, 72, 92, c5, 0, 0, 0, 0, 0, 0, 0, 0, 10, 0, 9, 6, 0, 0, 9, 6, 0, 0, 4e, 75, a, 31, 8a, 1c, 58, 20, 15, a2, 8c, 3, 4d, b2, 96, 25, 7d, 8f, ef, 31, 47, 45, 3e, 40, 76, fc, 45, 92, 12, 66, a8, 6e, 27] trailing_zero_bytes=0x20 error=failed to deserialize GuestToHostResponse: failed to decode Protobuf message: GuestToHostResponse.response: invalid wire type: Varint (expected LengthDelimited)
<27>[   80.345380] vpci_client: ERROR  failed to send tdisp command error=failed to deserialize tdisp response: failed to deserialize GuestToHostResponse: failed to decode Protobuf message: GuestToHostResponse.response: invalid wire type: Varint (expected LengthDelimited)
<28>[   80.490613] vpci_relay:  WARN  GetDeviceInfo command failed; continuing TDISP startup error=failed to send tdisp command
<30>[   80.591440] vpci_relay:  INFO  TDG.TDI.START tdcall completed during TDISP startup gfunction_id=0xb803 bind_session_id=0x0
<30>[   80.648934] vpci_client:  INFO  sending TDISP command payload payload_type="StartTdi" data_length=0x2
<30>[   80.768961] vpci_client:  INFO  received TDISP response header tx_id=0x1 header_data_length=0x8 data_len=0x8
<30>[   80.834575] vpci_client:  INFO  res: GuestToHostResponse { result: Success, tdi_state_before: Locked, tdi_state_after: Run, response: Some(StartTdi(TdispCommandResponseStartTdi)) }
<30>[   80.968980] vpci_relay:  INFO  TDISP interface start succeeded tdi_device_id=0xb803
<30>[   81.037737] vpci_relay:  INFO  extracted TDI range parameters for TDISP startup mmio_range_size=0x2 range_offset=0x4
<30>[   81.129779] vpci_relay:  INFO  TDG.DMAR.ACCEPT tdcall completed during TDISP startup gfunction_id=0xb803 target=0x0
<30>[   81.244637] log:  INFO  tdcall_dmar_release gfunction_id=b803 tdcall_result=0 output.rcx=b803    
<30>[   81.324080] vpci_relay:  INFO  TDG.DMAR.RELEASE tdcall completed during TDISP startup gfunction_id=0xb803
<30>[   81.406628] vpci_relay:  INFO  TDG.DMAR.ACCEPT tdcall completed during TDISP startup gfunction_id=0xb803 target=0x1
<30>[   81.496734] vpci_relay:  INFO  TDISP startup flow completed
<30>[   81.545936] vpci_relay:  INFO  relaying VPCI device from VTL2 to VTL0 instance_id=1c24a78b-016d-44e5-8322-86366b606271 vendor_id=0x8086 device_id=0xd52 device_name=assigned_device:vpci-1c24a78b-016d-44e5-8322-86366b606271
<30>[   81.681555] vpci_relay:  INFO  RelayedVpciDevice::pci_cfg_write routing to VpciDevice offset=0x10 value="0xffffffff"
<30>[   81.776097] vpci_client:  INFO  VpciDevice::write_cfg called offset=0x10 mmio_addr=0xfeff81010 value=0xffffffff
<30>[   81.848618] vpci_client:  INFO  BAR probe/write: guest wrote value, will shadow until MMIO enabled bar_index=0x0 offset=0x10 guest_wrote="0xffffffff" bar_mask="0xffffe00c" bar_rao="0xc" final_shadow_value="0xffffe00c"
<30>[   81.966159] vpci_relay:  INFO  RelayedVpciDevice::pci_cfg_write routing to VpciDevice offset=0x10 value="0xc"
<30>[   82.046247] vpci_client:  INFO  VpciDevice::write_cfg called offset=0x10 mmio_addr=0xfeff81010 value=0xc
<30>[   82.132802] vpci_client:  INFO  BAR probe/write: guest wrote value, will shadow until MMIO enabled bar_index=0x0 offset=0x10 guest_wrote="0xc" bar_mask="0xffffe00c" bar_rao="0xc" final_shadow_value="0xc"
<30>[   82.198789] vpci_relay:  INFO  RelayedVpciDevice::pci_cfg_write routing to VpciDevice offset=0x14 value="0xffffffff"
<30>[   82.255109] vpci_client:  INFO  VpciDevice::write_cfg called offset=0x14 mmio_addr=0xfeff81014 value=0xffffffff
<30>[   82.311755] vpci_client:  INFO  BAR probe/write: guest wrote value, will shadow until MMIO enabled bar_index=0x1 offset=0x14 guest_wrote="0xffffffff" bar_mask="0xffffffff" bar_rao="0x0" final_shadow_value="0xffffffff"
<30>[   82.416213] vpci_relay:  INFO  RelayedVpciDevice::pci_cfg_write routing to VpciDevice offset=0x14 value="0x0"
<30>[   82.481578] vpci_client:  INFO  VpciDevice::write_cfg called offset=0x14 mmio_addr=0xfeff81014 value=0x0
<30>[   82.567062] vpci_client:  INFO  BAR probe/write: guest wrote value, will shadow until MMIO enabled bar_index=0x1 offset=0x14 guest_wrote="0x0" bar_mask="0xffffffff" bar_rao="0x0" final_shadow_value="0x0"
<30>[   82.714233] vpci_relay:  INFO  RelayedVpciDevice::pci_cfg_write routing to VpciDevice offset=0x18 value="0xffffffff"
<30>[   82.803508] vpci_client:  INFO  VpciDevice::write_cfg called offset=0x18 mmio_addr=0xfeff81018 value=0xffffffff
<30>[   82.892493] vpci_client:  INFO  BAR probe/write: guest wrote value, will shadow until MMIO enabled bar_index=0x2 offset=0x18 guest_wrote="0xffffffff" bar_mask="0x0" bar_rao="0x0" final_shadow_value="0x0"
<30>[   83.059580] vpci_relay:  INFO  RelayedVpciDevice::pci_cfg_write routing to VpciDevice offset=0x18 value="0x0"
<30>[   83.146703] vpci_client:  INFO  VpciDevice::write_cfg called offset=0x18 mmio_addr=0xfeff81018 value=0x0
<30>[   83.192397] vpci_client:  INFO  BAR probe/write: guest wrote value, will shadow until MMIO enabled bar_index=0x2 offset=0x18 guest_wrote="0x0" bar_mask="0x0" bar_rao="0x0" final_shadow_value="0x0"
<30>[   83.244918] vpci_relay:  INFO  RelayedVpciDevice::pci_cfg_write routing to VpciDevice offset=0x1c value="0xffffffff"
<30>[   83.300552] vpci_client:  INFO  VpciDevice::write_cfg called offset=0x1c mmio_addr=0xfeff8101c value=0xffffffff
<30>[   83.376037] vpci_client:  INFO  BAR probe/write: guest wrote value, will shadow until MMIO enabled bar_index=0x3 offset=0x1c guest_wrote="0xffffffff" bar_mask="0x0" bar_rao="0x0" final_shadow_value="0x0"
<30>[   83.456226] vpci_relay:  INFO  RelayedVpciDevice::pci_cfg_write routing to VpciDevice offset=0x1c value="0x0"
<30>[   83.558683] vpci_client:  INFO  VpciDevice::write_cfg called offset=0x1c mmio_addr=0xfeff8101c value=0x0
<30>[   83.637883] vpci_client:  INFO  BAR probe/write: guest wrote value, will shadow until MMIO enabled bar_index=0x3 offset=0x1c guest_wrote="0x0" bar_mask="0x0" bar_rao="0x0" final_shadow_value="0x0"
<30>[   83.816046] vpci_relay:  INFO  RelayedVpciDevice::pci_cfg_write routing to VpciDevice offset=0x20 value="0xffffffff"
<30>[   83.938553] vpci_client:  INFO  VpciDevice::write_cfg called offset=0x20 mmio_addr=0xfeff81020 value=0xffffffff
<30>[   84.023091] vpci_client:  INFO  BAR probe/write: guest wrote value, will shadow until MMIO enabled bar_index=0x4 offset=0x20 guest_wrote="0xffffffff" bar_mask="0xfffe000c" bar_rao="0xc" final_shadow_value="0xfffe000c"
<30>[   84.157487] vpci_relay:  INFO  RelayedVpciDevice::pci_cfg_write routing to VpciDevice offset=0x20 value="0xc"
<30>[   84.248091] vpci_client:  INFO  VpciDevice::write_cfg called offset=0x20 mmio_addr=0xfeff81020 value=0xc
<30>[   84.326667] vpci_client:  INFO  BAR probe/write: guest wrote value, will shadow until MMIO enabled bar_index=0x4 offset=0x20 guest_wrote="0xc" bar_mask="0xfffe000c" bar_rao="0xc" final_shadow_value="0xc"
<30>[   84.546021] vpci_relay:  INFO  RelayedVpciDevice::pci_cfg_write routing to VpciDevice offset=0x24 value="0xffffffff"
<30>[   84.655054] vpci_client:  INFO  VpciDevice::write_cfg called offset=0x24 mmio_addr=0xfeff81024 value=0xffffffff
<30>[   84.755288] vpci_client:  INFO  BAR probe/write: guest wrote value, will shadow until MMIO enabled bar_index=0x5 offset=0x24 guest_wrote="0xffffffff" bar_mask="0xffffffff" bar_rao="0x0" final_shadow_value="0xffffffff"
<30>[   84.906826] vpci_relay:  INFO  RelayedVpciDevice::pci_cfg_write routing to VpciDevice offset=0x24 value="0x0"
<30>[   85.000023] vpci_client:  INFO  VpciDevice::write_cfg called offset=0x24 mmio_addr=0xfeff81024 value=0x0
<30>[   85.053916] vpci_client:  INFO  BAR probe/write: guest wrote value, will shadow until MMIO enabled bar_index=0x5 offset=0x24 guest_wrote="0x0" bar_mask="0xffffffff" bar_rao="0x0" final_shadow_value="0x0"
<30>[   85.159909] vmbus_server::channels:  INFO  sending offer to guest channel_id=0xb connection_id=0x200b key={44c4f61d-4444-4400-9d52-802e27ede19f}-{1c24a78b-016d-44e5-8322-86366b606271}-0
<30>[   85.284883] vmbus_server::channels:  INFO  new channel offer_id=OfferId(a) key={44c4f61d-4444-4400-9d52-802e27ede19f}-{1c24a78b-016d-44e5-8322-86366b606271}-0 confidential_ring_buffer=true confidential_external_memory=false
<30>[   85.430714] state_unit:  INFO state_change{ operation="start"}:  state change complete duration=1.572774ms
<30>[   85.501953] underhill_core::dispatch:  INFO  VPCI relay is ready
<30>[   85.617496] virt_mshv_vtl::processor::hardware_cvm:  INFO  modify_gpa_visibility visibility=SHARED pages=0x22
<30>[   85.655521] tdcall:  INFO  tdcall_mem_page_release range=0x302014000-0x302036000
<30>[   85.682232] log:  INFO  release_pages: 0x302014000-0x302036000    
<30>[   85.759750] vmbus_server::channels:  INFO  opened channel offer_id=0xa channel_id=0xb key={44c4f61d-4444-4400-9d52-802e27ede19f}-{1c24a78b-016d-44e5-8322-86366b606271}-0 result=0
<30>[   85.849686] vpci::device:  INFO  parsing vpci packet message_type=QUERY_PROTOCOL_VERSION
<30>[   85.877488] vpci::device:  INFO  parsing vpci packet message_type=FDO_D0_ENTRY
<30>[   85.900508] vpci::device:  INFO  FDO D0 entry: mmio_start mmio_start=0xfefefe000 instance_id=1c24a78b-016d-44e5-8322-86366b606271
<30>[   85.948087] vpci::bus:  INFO  VPCI bus MMIO write (SlotNumber) addr=0xfefefe000 data=[00, 00, 00, 00]
<30>[   86.001625] vpci::bus:  INFO  VPCI bus MMIO read addr=0xfefeff006
<30>[   86.070017] vpci::bus:  INFO  VPCI bus MMIO write (SlotNumber) addr=0xfefefe000 data=[00, 00, 00, 00]
<30>[   86.108127] vpci::bus:  INFO  VPCI bus MMIO read addr=0xfefeff034
<30>[   86.169275] vpci::bus:  INFO  VPCI bus MMIO write (SlotNumber) addr=0xfefefe000 data=[00, 00, 00, 00]
<30>[   86.191581] vpci::bus:  INFO  VPCI bus MMIO read addr=0xfefeff040
<30>[   86.255385] vpci::bus:  INFO  VPCI bus MMIO write (SlotNumber) addr=0xfefefe000 data=[00, 00, 00, 00]
<30>[   86.281105] vpci::bus:  INFO  VPCI bus MMIO read addr=0xfefeff080
<30>[   86.309996] vpci::bus:  INFO  VPCI bus MMIO write (SlotNumber) addr=0xfefefe000 data=[00, 00, 00, 00]
<30>[   86.368841] vpci::bus:  INFO  VPCI bus MMIO read addr=0xfefeff100
<30>[   86.434757] vpci::bus:  INFO  VPCI bus MMIO write (SlotNumber) addr=0xfefefe000 data=[00, 00, 00, 00]
<30>[   86.477123] vpci::bus:  INFO  VPCI bus MMIO read addr=0xfefeff700
<30>[   86.512894] vpci::bus:  INFO  VPCI bus MMIO write (SlotNumber) addr=0xfefefe000 data=[00, 00, 00, 00]
<30>[   86.544857] vpci::bus:  INFO  VPCI bus MMIO read addr=0xfefeff044
<30>[   86.609414] vpci::device:  INFO  parsing vpci packet message_type=CURRENT_RESOURCE_REQUIREMENTS
<30>[   86.651624] vpci::bus:  INFO  VPCI bus MMIO write (SlotNumber) addr=0xfefefe000 data=[00, 00, 00, 00]
<30>[   86.702181] vpci::bus:  INFO  VPCI bus MMIO read addr=0xfefeff082
<30>[   86.785306] vpci::device:  INFO  parsing vpci packet message_type=GET_RESOURCES
<30>[   86.819806] vpci::device:  INFO  GetResources: returning BAR resources to guest instance_id=1c24a78b-016d-44e5-8322-86366b606271 bars=["bar0: addr=0x0 len=0x0", "bar1: addr=0x0 len=0x0", "bar2: addr=0x0 len=0x0", "bar3: addr=0x0 len=0x0", "bar4: addr=0x0 len=0x0", "bar5: addr=0x0 len=0x0"]
<30>[   86.919875] vpci::bus:  INFO  VPCI bus MMIO write (SlotNumber) addr=0xfefefe000 data=[00, 00, 00, 00]
<30>[   86.991002] vpci::bus:  INFO  VPCI bus MMIO read addr=0xfefeff000
<30>[   87.030823] vpci::bus:  INFO  VPCI bus MMIO read addr=0xfefeff004
<30>[   87.073998] vpci::bus:  INFO  VPCI bus MMIO read addr=0xfefeff008
<30>[   87.087453] vpci::bus:  INFO  VPCI bus MMIO read addr=0xfefeff00c
<30>[   87.120394] vpci::bus:  INFO  VPCI bus MMIO read addr=0xfefeff010
<30>[   87.129039] vpci::bus:  INFO  VPCI bus MMIO read addr=0xfefeff014
<30>[   87.136008] vpci::bus:  INFO  VPCI bus MMIO read addr=0xfefeff018
<30>[   87.145027] vpci::bus:  INFO  VPCI bus MMIO read addr=0xfefeff01c
<30>[   87.154386] vpci::bus:  INFO  VPCI bus MMIO read addr=0xfefeff020
<30>[   87.163642] vpci::bus:  INFO  VPCI bus MMIO read addr=0xfefeff024
<30>[   87.179592] vpci::bus:  INFO  VPCI bus MMIO read addr=0xfefeff028
<30>[   87.222656] vpci::bus:  INFO  VPCI bus MMIO read addr=0xfefeff02c
<30>[   87.234597] vpci::bus:  INFO  VPCI bus MMIO read addr=0xfefeff030
<30>[   87.268955] vpci::bus:  INFO  VPCI bus MMIO read addr=0xfefeff034
<30>[   87.296754] vpci::bus:  INFO  VPCI bus MMIO read addr=0xfefeff038
<30>[   87.326644] vpci::bus:  INFO  VPCI bus MMIO read addr=0xfefeff03c
<30>[   87.357436] vpci::bus:  INFO  VPCI bus MMIO read addr=0xfefeff040
<30>[   87.385474] vpci::bus:  INFO  VPCI bus MMIO read addr=0xfefeff044
<30>[   87.413329] vpci::bus:  INFO  VPCI bus MMIO read addr=0xfefeff048
<30>[   87.439346] vpci::bus:  INFO  VPCI bus MMIO read addr=0xfefeff04c
<30>[   87.466929] vpci::bus:  INFO  VPCI bus MMIO read addr=0xfefeff050
<30>[   87.493943] vpci::bus:  INFO  VPCI bus MMIO read addr=0xfefeff054
<30>[   87.520604] vpci::bus:  INFO  VPCI bus MMIO read addr=0xfefeff058
<30>[   87.546905] vpci::bus:  INFO  VPCI bus MMIO read addr=0xfefeff05c
<30>[   87.572919] vpci::bus:  INFO  VPCI bus MMIO read addr=0xfefeff060
<30>[   87.599661] vpci::bus:  INFO  VPCI bus MMIO read addr=0xfefeff064
<30>[   87.625911] vpci::bus:  INFO  VPCI bus MMIO read addr=0xfefeff068
<30>[   88.152126] vpci::bus:  INFO  VPCI bus MMIO read addr=0xfefeff06c
<30>[   88.177796] vpci::bus:  INFO  VPCI bus MMIO read addr=0xfefeff070
<30>[   88.203347] vpci::bus:  INFO  VPCI bus MMIO read addr=0xfefeff074
<30>[   88.230482] vpci::bus:  INFO  VPCI bus MMIO read addr=0xfefeff078
<30>[   88.256795] vpci::bus:  INFO  VPCI bus MMIO read addr=0xfefeff07c
<30>[   88.283171] vpci::bus:  INFO  VPCI bus MMIO read addr=0xfefeff080
<30>[   88.309419] vpci::bus:  INFO  VPCI bus MMIO read addr=0xfefeff084
<30>[   88.334876] vpci::bus:  INFO  VPCI bus MMIO read addr=0xfefeff088
<30>[   88.361494] vpci::bus:  INFO  VPCI bus MMIO read addr=0xfefeff08c
<30>[   88.386885] vpci::bus:  INFO  VPCI bus MMIO read addr=0xfefeff090
<30>[   88.413058] vpci::bus:  INFO  VPCI bus MMIO read addr=0xfefeff094
<30>[   88.439188] vpci::bus:  INFO  VPCI bus MMIO read addr=0xfefeff098
<30>[   88.466019] vpci::bus:  INFO  VPCI bus MMIO read addr=0xfefeff09c
<30>[   88.492048] vpci::bus:  INFO  VPCI bus MMIO read addr=0xfefeff0a0
<30>[   88.517198] vpci::bus:  INFO  VPCI bus MMIO read addr=0xfefeff0a4
<30>[   88.543808] vpci::bus:  INFO  VPCI bus MMIO read addr=0xfefeff0a8
<30>[   88.569917] vpci::bus:  INFO  VPCI bus MMIO read addr=0xfefeff0ac
<30>[   88.595141] vpci::bus:  INFO  VPCI bus MMIO read addr=0xfefeff0b0
<30>[   88.620784] vpci::bus:  INFO  VPCI bus MMIO read addr=0xfefeff0b4
<30>[   88.647135] vpci::bus:  INFO  VPCI bus MMIO read addr=0xfefeff0b8
<30>[   88.672450] vpci::bus:  INFO  VPCI bus MMIO read addr=0xfefeff0bc
<30>[   88.698685] vpci::bus:  INFO  VPCI bus MMIO read addr=0xfefeff0c0
<30>[   88.724088] vpci::bus:  INFO  VPCI bus MMIO read addr=0xfefeff0c4
<30>[   88.750382] vpci::bus:  INFO  VPCI bus MMIO read addr=0xfefeff0c8
<30>[   88.776482] vpci::bus:  INFO  VPCI bus MMIO read addr=0xfefeff0cc
<30>[   88.802533] vpci::bus:  INFO  VPCI bus MMIO read addr=0xfefeff0d0
<30>[   88.829235] vpci::bus:  INFO  VPCI bus MMIO read addr=0xfefeff0d4
<30>[   88.854656] vpci::bus:  INFO  VPCI bus MMIO read addr=0xfefeff0d8
<30>[   88.881220] vpci::bus:  INFO  VPCI bus MMIO read addr=0xfefeff0dc
<30>[   88.907035] vpci::bus:  INFO  VPCI bus MMIO read addr=0xfefeff0e0
<30>[   88.933062] vpci::bus:  INFO  VPCI bus MMIO read addr=0xfefeff0e4
<30>[   88.959319] vpci::bus:  INFO  VPCI bus MMIO read addr=0xfefeff0e8
<30>[   88.985127] vpci::bus:  INFO  VPCI bus MMIO read addr=0xfefeff0ec
<30>[   89.011042] vpci::bus:  INFO  VPCI bus MMIO read addr=0xfefeff0f0
<30>[   89.037036] vpci::bus:  INFO  VPCI bus MMIO read addr=0xfefeff0f4
<30>[   89.063153] vpci::bus:  INFO  VPCI bus MMIO read addr=0xfefeff0f8
<30>[   89.089173] vpci::bus:  INFO  VPCI bus MMIO read addr=0xfefeff0fc
<30>[   89.122862] virt_mshv_vtl::processor::hardware_cvm:  INFO  modify_gpa_visibility visibility=SHARED pages=0x1
<30>[   89.133092] tdcall:  INFO  tdcall_mem_page_release range=0xf7e1f000-0xf7e20000
<30>[   89.141434] log:  INFO  release_pages: 0xf7e1f000-0xf7e20000    
<30>[   89.201388] virt_mshv_vtl::processor::hardware_cvm:  INFO  modify_gpa_visibility visibility=SHARED pages=0x1
<30>[   89.231688] tdcall:  INFO  tdcall_mem_page_release range=0xf7e20000-0xf7e21000
<30>[   89.249253] log:  INFO  release_pages: 0xf7e20000-0xf7e21000    
<30>[   89.289420] virt_mshv_vtl::processor::hardware_cvm:  INFO  modify_gpa_visibility visibility=SHARED pages=0x1
<30>[   89.315954] tdcall:  INFO  tdcall_mem_page_release range=0xf7e21000-0xf7e22000
<30>[   89.340020] log:  INFO  release_pages: 0xf7e21000-0xf7e22000    
<30>[   89.394626] virt_mshv_vtl::processor::hardware_cvm:  INFO  modify_gpa_visibility visibility=SHARED pages=0x1
<30>[   89.448430] tdcall:  INFO  tdcall_mem_page_release range=0xf7e22000-0xf7e23000
<30>[   89.493940] log:  INFO  release_pages: 0xf7e22000-0xf7e23000    
<30>[   89.551258] virt_mshv_vtl::processor::hardware_cvm:  INFO  modify_gpa_visibility visibility=SHARED pages=0x1
<30>[   89.593349] tdcall:  INFO  tdcall_mem_page_release range=0xf7e23000-0xf7e24000
<30>[   89.607262] log:  INFO  release_pages: 0xf7e23000-0xf7e24000    
<30>[   89.651616] virt_mshv_vtl::processor::hardware_cvm:  INFO  modify_gpa_visibility visibility=SHARED pages=0x1
<30>[   89.701040] tdcall:  INFO  tdcall_mem_page_release range=0xf7e24000-0xf7e25000
<30>[   89.751465] log:  INFO  release_pages: 0xf7e24000-0xf7e25000    
<30>[   89.809439] virt_mshv_vtl::processor::hardware_cvm:  INFO  modify_gpa_visibility visibility=SHARED pages=0x1
<30>[   89.864768] tdcall:  INFO  tdcall_mem_page_release range=0xf7e25000-0xf7e26000
<30>[   89.892888] log:  INFO  release_pages: 0xf7e25000-0xf7e26000    
<30>[   89.973139] virt_mshv_vtl::processor::hardware_cvm:  INFO  modify_gpa_visibility visibility=SHARED pages=0x1
<30>[   90.024395] tdcall:  INFO  tdcall_mem_page_release range=0xf7e26000-0xf7e27000
<30>[   90.048494] log:  INFO  release_pages: 0xf7e26000-0xf7e27000    
<30>[   90.091010] virt_mshv_vtl::processor::hardware_cvm:  INFO  modify_gpa_visibility visibility=SHARED pages=0x1
<30>[   90.135120] tdcall:  INFO  tdcall_mem_page_release range=0xf7e27000-0xf7e28000
<30>[   90.183950] log:  INFO  release_pages: 0xf7e27000-0xf7e28000    
<30>[   90.240352] virt_mshv_vtl::processor::hardware_cvm:  INFO  modify_gpa_visibility visibility=SHARED pages=0x1
<30>[   90.291871] tdcall:  INFO  tdcall_mem_page_release range=0xf7e28000-0xf7e29000
<30>[   90.309970] log:  INFO  release_pages: 0xf7e28000-0xf7e29000    
<30>[   90.352832] virt_mshv_vtl::processor::hardware_cvm:  INFO  modify_gpa_visibility visibility=SHARED pages=0x1
<30>[   90.392858] tdcall:  INFO  tdcall_mem_page_release range=0xf7e29000-0xf7e2a000
<30>[   90.422438] log:  INFO  release_pages: 0xf7e29000-0xf7e2a000    
<30>[   90.466686] virt_mshv_vtl::processor::hardware_cvm:  INFO  modify_gpa_visibility visibility=SHARED pages=0x1
<30>[   90.507949] tdcall:  INFO  tdcall_mem_page_release range=0xf7e2a000-0xf7e2b000
<30>[   90.533301] log:  INFO  release_pages: 0xf7e2a000-0xf7e2b000    
<30>[   90.580115] virt_mshv_vtl::processor::hardware_cvm:  INFO  modify_gpa_visibility visibility=SHARED pages=0x1
<30>[   90.608247] tdcall:  INFO  tdcall_mem_page_release range=0xf7e2b000-0xf7e2c000
<30>[   90.639720] log:  INFO  release_pages: 0xf7e2b000-0xf7e2c000    
<30>[   90.691592] virt_mshv_vtl::processor::hardware_cvm:  INFO  modify_gpa_visibility visibility=SHARED pages=0x1
<30>[   90.727261] tdcall:  INFO  tdcall_mem_page_release range=0xf7e2c000-0xf7e2d000
<30>[   90.757226] log:  INFO  release_pages: 0xf7e2c000-0xf7e2d000    
<30>[   90.794587] virt_mshv_vtl::processor::hardware_cvm:  INFO  modify_gpa_visibility visibility=SHARED pages=0x1
<30>[   90.835504] tdcall:  INFO  tdcall_mem_page_release range=0xf7e2d000-0xf7e2e000
<30>[   90.865985] log:  INFO  release_pages: 0xf7e2d000-0xf7e2e000    
<30>[   90.923788] virt_mshv_vtl::processor::hardware_cvm:  INFO  modify_gpa_visibility visibility=SHARED pages=0x1
<30>[   90.944580] tdcall:  INFO  tdcall_mem_page_release range=0xf7e2e000-0xf7e2f000
<30>[   90.975870] log:  INFO  release_pages: 0xf7e2e000-0xf7e2f000    
<30>[   91.042328] virt_mshv_vtl::processor::hardware_cvm:  INFO  modify_gpa_visibility visibility=SHARED pages=0x1
<30>[   91.081600] tdcall:  INFO  tdcall_mem_page_release range=0xf7e2f000-0xf7e30000
<30>[   91.105156] log:  INFO  release_pages: 0xf7e2f000-0xf7e30000    
<30>[   91.154544] virt_mshv_vtl::processor::hardware_cvm:  INFO  modify_gpa_visibility visibility=SHARED pages=0x1
<30>[   91.194799] tdcall:  INFO  tdcall_mem_page_release range=0xf7e30000-0xf7e31000
<30>[   91.218539] log:  INFO  release_pages: 0xf7e30000-0xf7e31000    
<30>[   91.262088] virt_mshv_vtl::processor::hardware_cvm:  INFO  modify_gpa_visibility visibility=SHARED pages=0x1
<30>[   91.324055] tdcall:  INFO  tdcall_mem_page_release range=0xf7e31000-0xf7e32000
<30>[   91.388329] log:  INFO  release_pages: 0xf7e31000-0xf7e32000    
<30>[   91.469011] virt_mshv_vtl::processor::hardware_cvm:  INFO  modify_gpa_visibility visibility=SHARED pages=0x1
<30>[   91.522364] tdcall:  INFO  tdcall_mem_page_release range=0xf7e32000-0xf7e33000
<30>[   91.595103] log:  INFO  release_pages: 0xf7e32000-0xf7e33000    
<30>[   91.672837] virt_mshv_vtl::processor::hardware_cvm:  INFO  modify_gpa_visibility visibility=SHARED pages=0x1
<30>[   91.754330] tdcall:  INFO  tdcall_mem_page_release range=0xf7e33000-0xf7e34000
<30>[   91.823555] log:  INFO  release_pages: 0xf7e33000-0xf7e34000    
<30>[   91.899808] virt_mshv_vtl::processor::hardware_cvm:  INFO  modify_gpa_visibility visibility=SHARED pages=0x1
<30>[   91.949470] tdcall:  INFO  tdcall_mem_page_release range=0xf7e34000-0xf7e35000
<30>[   92.007455] log:  INFO  release_pages: 0xf7e34000-0xf7e35000    
<30>[   92.083089] virt_mshv_vtl::processor::hardware_cvm:  INFO  modify_gpa_visibility visibility=SHARED pages=0x1
<30>[   92.126031] tdcall:  INFO  tdcall_mem_page_release range=0xf7e35000-0xf7e36000
<30>[   92.162923] log:  INFO  release_pages: 0xf7e35000-0xf7e36000    
<30>[   92.218100] virt_mshv_vtl::processor::hardware_cvm:  INFO  modify_gpa_visibility visibility=SHARED pages=0x1
<30>[   92.272650] tdcall:  INFO  tdcall_mem_page_release range=0xf7e36000-0xf7e37000
<30>[   92.311895] log:  INFO  release_pages: 0xf7e36000-0xf7e37000    
<30>[   92.369586] virt_mshv_vtl::processor::hardware_cvm:  INFO  modify_gpa_visibility visibility=SHARED pages=0x1
<30>[   92.443453] tdcall:  INFO  tdcall_mem_page_release range=0xf7e37000-0xf7e38000
<30>[   92.477168] log:  INFO  release_pages: 0xf7e37000-0xf7e38000    
<30>[   92.535264] virt_mshv_vtl::processor::hardware_cvm:  INFO  modify_gpa_visibility visibility=SHARED pages=0x1
<30>[   92.576193] tdcall:  INFO  tdcall_mem_page_release range=0xf7e38000-0xf7e39000
<30>[   92.601611] log:  INFO  release_pages: 0xf7e38000-0xf7e39000    
<30>[   92.656215] virt_mshv_vtl::processor::hardware_cvm:  INFO  modify_gpa_visibility visibility=SHARED pages=0x1
<30>[   92.696076] tdcall:  INFO  tdcall_mem_page_release range=0xf7e39000-0xf7e3a000
<30>[   92.730120] log:  INFO  release_pages: 0xf7e39000-0xf7e3a000    
<30>[   92.765323] virt_mshv_vtl::processor::hardware_cvm:  INFO  modify_gpa_visibility visibility=SHARED pages=0x1
<30>[   92.809196] tdcall:  INFO  tdcall_mem_page_release range=0xf7e3a000-0xf7e3b000
<30>[   92.840144] log:  INFO  release_pages: 0xf7e3a000-0xf7e3b000    
<30>[   92.889325] virt_mshv_vtl::processor::hardware_cvm:  INFO  modify_gpa_visibility visibility=SHARED pages=0x1
<30>[   92.946340] tdcall:  INFO  tdcall_mem_page_release range=0xf7e3b000-0xf7e3c000
<30>[   92.997729] log:  INFO  release_pages: 0xf7e3b000-0xf7e3c000    
<30>[   93.055976] virt_mshv_vtl::processor::hardware_cvm:  INFO  modify_gpa_visibility visibility=SHARED pages=0x1
<30>[   93.101125] tdcall:  INFO  tdcall_mem_page_release range=0xf7e3c000-0xf7e3d000
<30>[   93.133367] log:  INFO  release_pages: 0xf7e3c000-0xf7e3d000    
<30>[   93.190561] virt_mshv_vtl::processor::hardware_cvm:  INFO  modify_gpa_visibility visibility=SHARED pages=0x1
<30>[   93.236000] tdcall:  INFO  tdcall_mem_page_release range=0xf7e3d000-0xf7e3e000
<30>[   93.276007] log:  INFO  release_pages: 0xf7e3d000-0xf7e3e000    
<30>[   93.329005] virt_mshv_vtl::processor::hardware_cvm:  INFO  modify_gpa_visibility visibility=SHARED pages=0x1
<30>[   93.388847] tdcall:  INFO  tdcall_mem_page_release range=0xf7e3e000-0xf7e3f000
<30>[   93.424748] log:  INFO  release_pages: 0xf7e3e000-0xf7e3f000    
<30>[   93.482434] virt_mshv_vtl::processor::hardware_cvm:  INFO  modify_gpa_visibility visibility=SHARED pages=0x1
<30>[   93.529789] tdcall:  INFO  tdcall_mem_page_release range=0xf7e3f000-0xf7e40000
<30>[   93.557845] log:  INFO  release_pages: 0xf7e3f000-0xf7e40000    
<30>[   93.593928] virt_mshv_vtl::processor::hardware_cvm:  INFO  modify_gpa_visibility visibility=SHARED pages=0x1
<30>[   93.624945] tdcall:  INFO  tdcall_mem_page_release range=0xf7e40000-0xf7e41000
<30>[   93.655977] log:  INFO  release_pages: 0xf7e40000-0xf7e41000    
<30>[   93.701473] virt_mshv_vtl::processor::hardware_cvm:  INFO  modify_gpa_visibility visibility=SHARED pages=0x1
<30>[   93.763656] tdcall:  INFO  tdcall_mem_page_release range=0xf7e41000-0xf7e42000
<30>[   93.806540] log:  INFO  release_pages: 0xf7e41000-0xf7e42000    
<30>[   93.849503] virt_mshv_vtl::processor::hardware_cvm:  INFO  modify_gpa_visibility visibility=SHARED pages=0x1
<30>[   93.942832] tdcall:  INFO  tdcall_mem_page_release range=0xf7e42000-0xf7e43000
<30>[   94.005352] log:  INFO  release_pages: 0xf7e42000-0xf7e43000    
<30>[   94.092253] virt_mshv_vtl::processor::hardware_cvm:  INFO  modify_gpa_visibility visibility=SHARED pages=0x1
<30>[   94.132791] tdcall:  INFO  tdcall_mem_page_release range=0xf7e43000-0xf7e44000
<30>[   94.153611] log:  INFO  release_pages: 0xf7e43000-0xf7e44000    
<30>[   94.198347] virt_mshv_vtl::processor::hardware_cvm:  INFO  modify_gpa_visibility visibility=SHARED pages=0x1
<30>[   94.263707] tdcall:  INFO  tdcall_mem_page_release range=0xf7e44000-0xf7e45000
<30>[   94.323175] log:  INFO  release_pages: 0xf7e44000-0xf7e45000    
<30>[   94.915312] virt_mshv_vtl::processor::hardware_cvm:  INFO  modify_gpa_visibility visibility=SHARED pages=0x1
<30>[   95.006684] tdcall:  INFO  tdcall_mem_page_release range=0xf7e45000-0xf7e46000
<30>[   95.068676] log:  INFO  release_pages: 0xf7e45000-0xf7e46000    
<30>[   95.138870] virt_mshv_vtl::processor::hardware_cvm:  INFO  modify_gpa_visibility visibility=SHARED pages=0x1
<30>[   95.199143] tdcall:  INFO  tdcall_mem_page_release range=0xf7e46000-0xf7e47000
<30>[   95.231985] log:  INFO  release_pages: 0xf7e46000-0xf7e47000    
<30>[   95.286746] virt_mshv_vtl::processor::hardware_cvm:  INFO  modify_gpa_visibility visibility=SHARED pages=0x1
<30>[   95.322335] tdcall:  INFO  tdcall_mem_page_release range=0xf7e47000-0xf7e48000
<30>[   95.335229] log:  INFO  release_pages: 0xf7e47000-0xf7e48000    
<30>[   95.373751] virt_mshv_vtl::processor::hardware_cvm:  INFO  modify_gpa_visibility visibility=SHARED pages=0x1
<30>[   95.438172] tdcall:  INFO  tdcall_mem_page_release range=0xf7e48000-0xf7e49000
<30>[   95.499349] log:  INFO  release_pages: 0xf7e48000-0xf7e49000    
<30>[   95.577245] virt_mshv_vtl::processor::hardware_cvm:  INFO  modify_gpa_visibility visibility=SHARED pages=0x1
<30>[   95.648691] tdcall:  INFO  tdcall_mem_page_release range=0xf7e49000-0xf7e4a000
<30>[   95.706921] log:  INFO  release_pages: 0xf7e49000-0xf7e4a000    
<30>[   95.785970] virt_mshv_vtl::processor::hardware_cvm:  INFO  modify_gpa_visibility visibility=SHARED pages=0x1
<30>[   95.854745] tdcall:  INFO  tdcall_mem_page_release range=0xf7e4a000-0xf7e4b000
<30>[   95.932804] log:  INFO  release_pages: 0xf7e4a000-0xf7e4b000    
<30>[   96.011745] virt_mshv_vtl::processor::hardware_cvm:  INFO  modify_gpa_visibility visibility=SHARED pages=0x1
<30>[   96.073300] tdcall:  INFO  tdcall_mem_page_release range=0xf7e4b000-0xf7e4c000
<30>[   96.133155] log:  INFO  release_pages: 0xf7e4b000-0xf7e4c000    
<30>[   96.211709] virt_mshv_vtl::processor::hardware_cvm:  INFO  modify_gpa_visibility visibility=SHARED pages=0x1
<30>[   96.291138] tdcall:  INFO  tdcall_mem_page_release range=0xf7e4c000-0xf7e4d000
<30>[   96.353398] log:  INFO  release_pages: 0xf7e4c000-0xf7e4d000    
<30>[   96.428608] virt_mshv_vtl::processor::hardware_cvm:  INFO  modify_gpa_visibility visibility=SHARED pages=0x1
<30>[   96.475178] tdcall:  INFO  tdcall_mem_page_release range=0xf7e4d000-0xf7e4e000
<30>[   96.535677] log:  INFO  release_pages: 0xf7e4d000-0xf7e4e000    
<30>[   96.615327] virt_mshv_vtl::processor::hardware_cvm:  INFO  modify_gpa_visibility visibility=SHARED pages=0x1
<30>[   96.670609] tdcall:  INFO  tdcall_mem_page_release range=0xf7e4e000-0xf7e4f000
<30>[   96.700233] log:  INFO  release_pages: 0xf7e4e000-0xf7e4f000    
<30>[   96.779259] virt_mshv_vtl::processor::hardware_cvm:  INFO  modify_gpa_visibility visibility=SHARED pages=0x1
<30>[   96.833090] tdcall:  INFO  tdcall_mem_page_release range=0xf7e4f000-0xf7e50000
<30>[   96.891985] log:  INFO  release_pages: 0xf7e4f000-0xf7e50000    
<30>[   96.955679] virt_mshv_vtl::processor::hardware_cvm:  INFO  modify_gpa_visibility visibility=SHARED pages=0x1
<30>[   97.032080] tdcall:  INFO  tdcall_mem_page_release range=0xf7e50000-0xf7e51000
<30>[   97.081342] log:  INFO  release_pages: 0xf7e50000-0xf7e51000    
<30>[   97.148814] virt_mshv_vtl::processor::hardware_cvm:  INFO  modify_gpa_visibility visibility=SHARED pages=0x1
<30>[   97.219696] tdcall:  INFO  tdcall_mem_page_release range=0xf7e51000-0xf7e52000
<30>[   97.286695] log:  INFO  release_pages: 0xf7e51000-0xf7e52000    
<30>[   97.870744] virt_mshv_vtl::processor::hardware_cvm:  INFO  modify_gpa_visibility visibility=SHARED pages=0x1
<30>[   97.919936] tdcall:  INFO  tdcall_mem_page_release range=0xf7e52000-0xf7e53000
<30>[   97.987828] log:  INFO  release_pages: 0xf7e52000-0xf7e53000    
<30>[   98.069249] virt_mshv_vtl::processor::hardware_cvm:  INFO  modify_gpa_visibility visibility=SHARED pages=0x1
<30>[   98.153475] tdcall:  INFO  tdcall_mem_page_release range=0xf7e53000-0xf7e54000
<30>[   98.219383] log:  INFO  release_pages: 0xf7e53000-0xf7e54000    
<30>[   98.308358] virt_mshv_vtl::processor::hardware_cvm:  INFO  modify_gpa_visibility visibility=SHARED pages=0x1
<30>[   98.404563] tdcall:  INFO  tdcall_mem_page_release range=0xf7e54000-0xf7e55000
<30>[   98.466692] log:  INFO  release_pages: 0xf7e54000-0xf7e55000    
<30>[   98.545268] virt_mshv_vtl::processor::hardware_cvm:  INFO  modify_gpa_visibility visibility=SHARED pages=0x1
<30>[   98.610017] tdcall:  INFO  tdcall_mem_page_release range=0xf7e55000-0xf7e56000
<30>[   98.671637] log:  INFO  release_pages: 0xf7e55000-0xf7e56000    
<30>[   98.752332] virt_mshv_vtl::processor::hardware_cvm:  INFO  modify_gpa_visibility visibility=SHARED pages=0x1
<30>[   98.814996] tdcall:  INFO  tdcall_mem_page_release range=0xf7e56000-0xf7e57000
<30>[   98.868523] log:  INFO  release_pages: 0xf7e56000-0xf7e57000    
<30>[   98.944316] virt_mshv_vtl::processor::hardware_cvm:  INFO  modify_gpa_visibility visibility=SHARED pages=0x1
<30>[   99.030132] tdcall:  INFO  tdcall_mem_page_release range=0xf7e57000-0xf7e58000
<30>[   99.099805] log:  INFO  release_pages: 0xf7e57000-0xf7e58000    
<30>[   99.170599] virt_mshv_vtl::processor::hardware_cvm:  INFO  modify_gpa_visibility visibility=SHARED pages=0x1
<30>[   99.213831] tdcall:  INFO  tdcall_mem_page_release range=0xf7e58000-0xf7e59000
<30>[   99.258589] log:  INFO  release_pages: 0xf7e58000-0xf7e59000    
<30>[   99.326565] virt_mshv_vtl::processor::hardware_cvm:  INFO  modify_gpa_visibility visibility=SHARED pages=0x1
<30>[   99.366428] tdcall:  INFO  tdcall_mem_page_release range=0xf7e59000-0xf7e5a000
<30>[   99.405364] log:  INFO  release_pages: 0xf7e59000-0xf7e5a000    
<30>[   99.450861] virt_mshv_vtl::processor::hardware_cvm:  INFO  modify_gpa_visibility visibility=SHARED pages=0x1
<30>[   99.503332] tdcall:  INFO  tdcall_mem_page_release range=0xf7e5a000-0xf7e5b000
<30>[   99.556063] log:  INFO  release_pages: 0xf7e5a000-0xf7e5b000    
<30>[   99.635380] virt_mshv_vtl::processor::hardware_cvm:  INFO  modify_gpa_visibility visibility=SHARED pages=0x1
<30>[   99.728539] tdcall:  INFO  tdcall_mem_page_release range=0xf7e5b000-0xf7e5c000
<30>[   99.801744] log:  INFO  release_pages: 0xf7e5b000-0xf7e5c000    
<30>[   99.850102] virt_mshv_vtl::processor::hardware_cvm:  INFO  modify_gpa_visibility visibility=SHARED pages=0x1
<30>[   99.899544] tdcall:  INFO  tdcall_mem_page_release range=0xf7e5c000-0xf7e5d000
<30>[   99.922235] log:  INFO  release_pages: 0xf7e5c000-0xf7e5d000    
<30>[   99.973426] virt_mshv_vtl::processor::hardware_cvm:  INFO  modify_gpa_visibility visibility=SHARED pages=0x1
<30>[   99.999366] tdcall:  INFO  tdcall_mem_page_release range=0xf7e5d000-0xf7e5e000
<30>[  100.020668] log:  INFO  release_pages: 0xf7e5d000-0xf7e5e000    
<30>[  100.067345] virt_mshv_vtl::processor::hardware_cvm:  INFO  modify_gpa_visibility visibility=SHARED pages=0x1
<30>[  100.122216] tdcall:  INFO  tdcall_mem_page_release range=0xf7e5e000-0xf7e5f000
<30>[  100.154322] log:  INFO  release_pages: 0xf7e5e000-0xf7e5f000    
<30>[  100.209670] virt_mshv_vtl::processor::hardware_cvm:  INFO  modify_gpa_visibility visibility=SHARED pages=0x1
<30>[  100.256480] tdcall:  INFO  tdcall_mem_page_release range=0xf7e5f000-0xf7e60000
<30>[  100.294137] log:  INFO  release_pages: 0xf7e5f000-0xf7e60000    
<30>[  100.349248] virt_mshv_vtl::processor::hardware_cvm:  INFO  modify_gpa_visibility visibility=SHARED pages=0x1
<30>[  100.393571] tdcall:  INFO  tdcall_mem_page_release range=0xf7e60000-0xf7e61000
<30>[  100.454515] log:  INFO  release_pages: 0xf7e60000-0xf7e61000    
<30>[  100.517185] virt_mshv_vtl::processor::hardware_cvm:  INFO  modify_gpa_visibility visibility=SHARED pages=0x1
<30>[  100.552315] tdcall:  INFO  tdcall_mem_page_release range=0xf7e61000-0xf7e62000
<30>[  100.585710] log:  INFO  release_pages: 0xf7e61000-0xf7e62000    
<30>[  100.623568] virt_mshv_vtl::processor::hardware_cvm:  INFO  modify_gpa_visibility visibility=SHARED pages=0x1
<30>[  100.656441] tdcall:  INFO  tdcall_mem_page_release range=0xf7e62000-0xf7e63000
<30>[  100.679438] log:  INFO  release_pages: 0xf7e62000-0xf7e63000    
<30>[  100.733097] virt_mshv_vtl::processor::hardware_cvm:  INFO  modify_gpa_visibility visibility=SHARED pages=0x1
<30>[  100.774400] tdcall:  INFO  tdcall_mem_page_release range=0xf7e63000-0xf7e64000
<30>[  100.806525] log:  INFO  release_pages: 0xf7e63000-0xf7e64000    
<30>[  100.867885] virt_mshv_vtl::processor::hardware_cvm:  INFO  modify_gpa_visibility visibility=SHARED pages=0x1
<30>[  100.948610] tdcall:  INFO  tdcall_mem_page_release range=0xf7e64000-0xf7e65000
<30>[  101.005675] log:  INFO  release_pages: 0xf7e64000-0xf7e65000    
<30>[  101.089615] virt_mshv_vtl::processor::hardware_cvm:  INFO  modify_gpa_visibility visibility=SHARED pages=0x1
<30>[  101.148420] tdcall:  INFO  tdcall_mem_page_release range=0xf7e65000-0xf7e66000
<30>[  101.178560] log:  INFO  release_pages: 0xf7e65000-0xf7e66000    
<30>[  101.217477] virt_mshv_vtl::processor::hardware_cvm:  INFO  modify_gpa_visibility visibility=SHARED pages=0x1
<30>[  101.256748] tdcall:  INFO  tdcall_mem_page_release range=0xf7e66000-0xf7e67000
<30>[  101.283127] log:  INFO  release_pages: 0xf7e66000-0xf7e67000    
<30>[  101.331463] virt_mshv_vtl::processor::hardware_cvm:  INFO  modify_gpa_visibility visibility=SHARED pages=0x1
<30>[  101.349711] tdcall:  INFO  tdcall_mem_page_release range=0xf7e67000-0xf7e68000
<30>[  101.376383] log:  INFO  release_pages: 0xf7e67000-0xf7e68000    
<30>[  101.434625] virt_mshv_vtl::processor::hardware_cvm:  INFO  modify_gpa_visibility visibility=SHARED pages=0x1
<30>[  101.483515] tdcall:  INFO  tdcall_mem_page_release range=0xf7e68000-0xf7e69000
<30>[  101.508132] log:  INFO  release_pages: 0xf7e68000-0xf7e69000    
<30>[  101.548552] virt_mshv_vtl::processor::hardware_cvm:  INFO  modify_gpa_visibility visibility=SHARED pages=0x1
<30>[  101.596237] tdcall:  INFO  tdcall_mem_page_release range=0xf7e69000-0xf7e6a000
<30>[  101.664330] log:  INFO  release_pages: 0xf7e69000-0xf7e6a000    
<30>[  101.749952] virt_mshv_vtl::processor::hardware_cvm:  INFO  modify_gpa_visibility visibility=SHARED pages=0x1
<30>[  101.786970] tdcall:  INFO  tdcall_mem_page_release range=0xf7e6a000-0xf7e6b000
<30>[  101.843995] log:  INFO  release_pages: 0xf7e6a000-0xf7e6b000    
<30>[  101.913656] virt_mshv_vtl::processor::hardware_cvm:  INFO  modify_gpa_visibility visibility=SHARED pages=0x1
<30>[  102.010369] tdcall:  INFO  tdcall_mem_page_release range=0xf7e6b000-0xf7e6c000
<30>[  102.070147] log:  INFO  release_pages: 0xf7e6b000-0xf7e6c000    
<30>[  102.149682] virt_mshv_vtl::processor::hardware_cvm:  INFO  modify_gpa_visibility visibility=SHARED pages=0x1
<30>[  102.229406] tdcall:  INFO  tdcall_mem_page_release range=0xf7e6c000-0xf7e6d000
<30>[  102.297193] log:  INFO  release_pages: 0xf7e6c000-0xf7e6d000    
<30>[  102.366995] virt_mshv_vtl::processor::hardware_cvm:  INFO  modify_gpa_visibility visibility=SHARED pages=0x1
<30>[  102.412901] tdcall:  INFO  tdcall_mem_page_release range=0xf7e6d000-0xf7e6e000
<30>[  102.488559] log:  INFO  release_pages: 0xf7e6d000-0xf7e6e000    
<30>[  102.567404] virt_mshv_vtl::processor::hardware_cvm:  INFO  modify_gpa_visibility visibility=SHARED pages=0x1
<30>[  102.614594] tdcall:  INFO  tdcall_mem_page_release range=0xf7e6e000-0xf7e6f000
<30>[  102.646964] log:  INFO  release_pages: 0xf7e6e000-0xf7e6f000    
<30>[  102.698005] virt_mshv_vtl::processor::hardware_cvm:  INFO  modify_gpa_visibility visibility=SHARED pages=0x1
<30>[  102.747800] tdcall:  INFO  tdcall_mem_page_release range=0xf7e6f000-0xf7e70000
<30>[  102.811931] log:  INFO  release_pages: 0xf7e6f000-0xf7e70000    
<30>[  102.893670] virt_mshv_vtl::processor::hardware_cvm:  INFO  modify_gpa_visibility visibility=SHARED pages=0x1
<30>[  102.961177] tdcall:  INFO  tdcall_mem_page_release range=0xf7e70000-0xf7e71000
<30>[  103.029022] log:  INFO  release_pages: 0xf7e70000-0xf7e71000    
<30>[  103.112195] virt_mshv_vtl::processor::hardware_cvm:  INFO  modify_gpa_visibility visibility=SHARED pages=0x1
<30>[  103.188499] tdcall:  INFO  tdcall_mem_page_release range=0xf7e71000-0xf7e72000
<30>[  103.250990] log:  INFO  release_pages: 0xf7e71000-0xf7e72000    
<30>[  103.328444] virt_mshv_vtl::processor::hardware_cvm:  INFO  modify_gpa_visibility visibility=SHARED pages=0x1
<30>[  103.386772] tdcall:  INFO  tdcall_mem_page_release range=0xf7e72000-0xf7e73000
<30>[  103.422233] log:  INFO  release_pages: 0xf7e72000-0xf7e73000    
<30>[  103.486313] virt_mshv_vtl::processor::hardware_cvm:  INFO  modify_gpa_visibility visibility=SHARED pages=0x1
<30>[  103.549386] tdcall:  INFO  tdcall_mem_page_release range=0xf7e73000-0xf7e74000
<30>[  103.621927] log:  INFO  release_pages: 0xf7e73000-0xf7e74000    
<30>[  103.708376] virt_mshv_vtl::processor::hardware_cvm:  INFO  modify_gpa_visibility visibility=SHARED pages=0x1
<30>[  103.747939] tdcall:  INFO  tdcall_mem_page_release range=0xf7e74000-0xf7e75000
<30>[  103.775679] log:  INFO  release_pages: 0xf7e74000-0xf7e75000    
<30>[  103.829970] virt_mshv_vtl::processor::hardware_cvm:  INFO  modify_gpa_visibility visibility=SHARED pages=0x1
<30>[  103.905566] tdcall:  INFO  tdcall_mem_page_release range=0xf7e75000-0xf7e76000
<30>[  103.943176] log:  INFO  release_pages: 0xf7e75000-0xf7e76000    
<30>[  103.997406] virt_mshv_vtl::processor::hardware_cvm:  INFO  modify_gpa_visibility visibility=SHARED pages=0x1
<30>[  104.015372] tdcall:  INFO  tdcall_mem_page_release range=0xf7e76000-0xf7e77000
<30>[  104.045202] log:  INFO  release_pages: 0xf7e76000-0xf7e77000    
<30>[  104.094163] virt_mshv_vtl::processor::hardware_cvm:  INFO  modify_gpa_visibility visibility=SHARED pages=0x1
<30>[  104.128857] tdcall:  INFO  tdcall_mem_page_release range=0xf7e77000-0xf7e78000
<30>[  104.165405] log:  INFO  release_pages: 0xf7e77000-0xf7e78000    
<30>[  104.247923] virt_mshv_vtl::processor::hardware_cvm:  INFO  modify_gpa_visibility visibility=SHARED pages=0x1
<30>[  104.298124] tdcall:  INFO  tdcall_mem_page_release range=0xf7e78000-0xf7e79000
<30>[  104.322872] log:  INFO  release_pages: 0xf7e78000-0xf7e79000    
<30>[  104.358660] virt_mshv_vtl::processor::hardware_cvm:  INFO  modify_gpa_visibility visibility=SHARED pages=0x1
<30>[  104.401272] tdcall:  INFO  tdcall_mem_page_release range=0xf7e79000-0xf7e7a000
<30>[  104.450923] log:  INFO  release_pages: 0xf7e79000-0xf7e7a000    
<30>[  104.509894] virt_mshv_vtl::processor::hardware_cvm:  INFO  modify_gpa_visibility visibility=SHARED pages=0x1
<30>[  104.573707] tdcall:  INFO  tdcall_mem_page_release range=0xf7e7a000-0xf7e7b000
<30>[  104.656825] log:  INFO  release_pages: 0xf7e7a000-0xf7e7b000    
<30>[  104.737859] virt_mshv_vtl::processor::hardware_cvm:  INFO  modify_gpa_visibility visibility=SHARED pages=0x1
<30>[  104.773578] tdcall:  INFO  tdcall_mem_page_release range=0xf7e7b000-0xf7e7c000
<30>[  104.808247] log:  INFO  release_pages: 0xf7e7b000-0xf7e7c000    
<30>[  104.861793] virt_mshv_vtl::processor::hardware_cvm:  INFO  modify_gpa_visibility visibility=SHARED pages=0x1
<30>[  104.897309] tdcall:  INFO  tdcall_mem_page_release range=0xf7e7c000-0xf7e7d000
<30>[  104.953105] log:  INFO  release_pages: 0xf7e7c000-0xf7e7d000    
<30>[  105.034765] virt_mshv_vtl::processor::hardware_cvm:  INFO  modify_gpa_visibility visibility=SHARED pages=0x1
<30>[  105.080672] tdcall:  INFO  tdcall_mem_page_release range=0xf7e7d000-0xf7e7e000
<30>[  105.109202] log:  INFO  release_pages: 0xf7e7d000-0xf7e7e000    
<30>[  105.163893] virt_mshv_vtl::processor::hardware_cvm:  INFO  modify_gpa_visibility visibility=SHARED pages=0x1
<30>[  105.198957] tdcall:  INFO  tdcall_mem_page_release range=0xf7e7e000-0xf7e7f000
<30>[  105.234119] log:  INFO  release_pages: 0xf7e7e000-0xf7e7f000    
<30>[  105.274006] virt_mshv_vtl::processor::hardware_cvm:  INFO  modify_gpa_visibility visibility=SHARED pages=0x1
<30>[  105.328010] tdcall:  INFO  tdcall_mem_page_release range=0xf7e7f000-0xf7e80000
<30>[  105.386952] log:  INFO  release_pages: 0xf7e7f000-0xf7e80000    
<30>[  105.454856] virt_mshv_vtl::processor::hardware_cvm:  INFO  modify_gpa_visibility visibility=SHARED pages=0x1
<30>[  105.542465] tdcall:  INFO  tdcall_mem_page_release range=0xf7e80000-0xf7e81000
<30>[  105.594775] log:  INFO  release_pages: 0xf7e80000-0xf7e81000    
<30>[  105.683970] virt_mshv_vtl::processor::hardware_cvm:  INFO  modify_gpa_visibility visibility=SHARED pages=0x1
<30>[  105.766086] tdcall:  INFO  tdcall_mem_page_release range=0xf7e81000-0xf7e82000
<30>[  105.827426] log:  INFO  release_pages: 0xf7e81000-0xf7e82000    
<30>[  105.910350] virt_mshv_vtl::processor::hardware_cvm:  INFO  modify_gpa_visibility visibility=SHARED pages=0x1
<30>[  105.966199] tdcall:  INFO  tdcall_mem_page_release range=0xf7e82000-0xf7e83000
<30>[  106.038076] log:  INFO  release_pages: 0xf7e82000-0xf7e83000    
<30>[  106.131172] virt_mshv_vtl::processor::hardware_cvm:  INFO  modify_gpa_visibility visibility=SHARED pages=0x1
<30>[  106.209052] tdcall:  INFO  tdcall_mem_page_release range=0xf7e83000-0xf7e84000
<30>[  106.273192] log:  INFO  release_pages: 0xf7e83000-0xf7e84000    
<30>[  106.358794] virt_mshv_vtl::processor::hardware_cvm:  INFO  modify_gpa_visibility visibility=SHARED pages=0x1
<30>[  106.427797] tdcall:  INFO  tdcall_mem_page_release range=0xf7e84000-0xf7e85000
<30>[  106.495369] log:  INFO  release_pages: 0xf7e84000-0xf7e85000    
<30>[  106.582062] virt_mshv_vtl::processor::hardware_cvm:  INFO  modify_gpa_visibility visibility=SHARED pages=0x1
<30>[  106.668538] tdcall:  INFO  tdcall_mem_page_release range=0xf7e85000-0xf7e86000
<30>[  106.735343] log:  INFO  release_pages: 0xf7e85000-0xf7e86000    
<30>[  106.827217] virt_mshv_vtl::processor::hardware_cvm:  INFO  modify_gpa_visibility visibility=SHARED pages=0x1
<30>[  106.880979] tdcall:  INFO  tdcall_mem_page_release range=0xf7e86000-0xf7e87000
<30>[  106.944732] log:  INFO  release_pages: 0xf7e86000-0xf7e87000    
<30>[  107.021868] virt_mshv_vtl::processor::hardware_cvm:  INFO  modify_gpa_visibility visibility=SHARED pages=0x1
<30>[  107.057443] tdcall:  INFO  tdcall_mem_page_release range=0xf7e87000-0xf7e88000
<30>[  107.104387] log:  INFO  release_pages: 0xf7e87000-0xf7e88000    
<30>[  107.165821] virt_mshv_vtl::processor::hardware_cvm:  INFO  modify_gpa_visibility visibility=SHARED pages=0x1
<30>[  107.227578] tdcall:  INFO  tdcall_mem_page_release range=0xf7e88000-0xf7e89000
<30>[  107.293835] log:  INFO  release_pages: 0xf7e88000-0xf7e89000    
<30>[  107.373822] virt_mshv_vtl::processor::hardware_cvm:  INFO  modify_gpa_visibility visibility=SHARED pages=0x1
<30>[  107.429878] tdcall:  INFO  tdcall_mem_page_release range=0xf7e89000-0xf7e8a000
<30>[  107.497036] log:  INFO  release_pages: 0xf7e89000-0xf7e8a000    
<30>[  107.578452] virt_mshv_vtl::processor::hardware_cvm:  INFO  modify_gpa_visibility visibility=SHARED pages=0x1
<30>[  107.646519] tdcall:  INFO  tdcall_mem_page_release range=0xf7e8a000-0xf7e8b000
<30>[  107.710274] log:  INFO  release_pages: 0xf7e8a000-0xf7e8b000    
<30>[  107.788623] virt_mshv_vtl::processor::hardware_cvm:  INFO  modify_gpa_visibility visibility=SHARED pages=0x1
<30>[  107.827844] tdcall:  INFO  tdcall_mem_page_release range=0xf7e8b000-0xf7e8c000
<30>[  107.863516] log:  INFO  release_pages: 0xf7e8b000-0xf7e8c000    
<30>[  107.937978] virt_mshv_vtl::processor::hardware_cvm:  INFO  modify_gpa_visibility visibility=SHARED pages=0x1
<30>[  107.977930] tdcall:  INFO  tdcall_mem_page_release range=0xf7e8c000-0xf7e8d000
<30>[  107.999158] log:  INFO  release_pages: 0xf7e8c000-0xf7e8d000    
<30>[  108.037992] virt_mshv_vtl::processor::hardware_cvm:  INFO  modify_gpa_visibility visibility=SHARED pages=0x1
<30>[  108.083968] tdcall:  INFO  tdcall_mem_page_release range=0xf7e8d000-0xf7e8e000
<30>[  108.104783] log:  INFO  release_pages: 0xf7e8d000-0xf7e8e000    
<30>[  108.159447] virt_mshv_vtl::processor::hardware_cvm:  INFO  modify_gpa_visibility visibility=SHARED pages=0x1
<30>[  108.218469] tdcall:  INFO  tdcall_mem_page_release range=0xf7e8e000-0xf7e8f000
<30>[  108.251867] log:  INFO  release_pages: 0xf7e8e000-0xf7e8f000    
<30>[  108.289717] virt_mshv_vtl::processor::hardware_cvm:  INFO  modify_gpa_visibility visibility=SHARED pages=0x1
<30>[  108.320035] tdcall:  INFO  tdcall_mem_page_release range=0xf7e8f000-0xf7e90000
<30>[  108.346455] log:  INFO  release_pages: 0xf7e8f000-0xf7e90000    
<30>[  108.390470] virt_mshv_vtl::processor::hardware_cvm:  INFO  modify_gpa_visibility visibility=SHARED pages=0x1
<30>[  108.429233] tdcall:  INFO  tdcall_mem_page_release range=0xf7e90000-0xf7e91000
<30>[  108.459293] log:  INFO  release_pages: 0xf7e90000-0xf7e91000    
<30>[  108.518041] virt_mshv_vtl::processor::hardware_cvm:  INFO  modify_gpa_visibility visibility=SHARED pages=0x1
<30>[  108.552801] tdcall:  INFO  tdcall_mem_page_release range=0xf7e91000-0xf7e92000
<30>[  108.583534] log:  INFO  release_pages: 0xf7e91000-0xf7e92000    
<30>[  108.633531] virt_mshv_vtl::processor::hardware_cvm:  INFO  modify_gpa_visibility visibility=SHARED pages=0x1
<30>[  108.687532] tdcall:  INFO  tdcall_mem_page_release range=0xf7e92000-0xf7e93000
<30>[  108.717012] log:  INFO  release_pages: 0xf7e92000-0xf7e93000    
<30>[  108.764947] virt_mshv_vtl::processor::hardware_cvm:  INFO  modify_gpa_visibility visibility=SHARED pages=0x1
<30>[  108.809117] tdcall:  INFO  tdcall_mem_page_release range=0xf7e93000-0xf7e94000
<30>[  108.866576] log:  INFO  release_pages: 0xf7e93000-0xf7e94000    
<30>[  108.938165] virt_mshv_vtl::processor::hardware_cvm:  INFO  modify_gpa_visibility visibility=SHARED pages=0x1
<30>[  108.983177] tdcall:  INFO  tdcall_mem_page_release range=0xf7e94000-0xf7e95000
<30>[  109.034376] log:  INFO  release_pages: 0xf7e94000-0xf7e95000    
<30>[  109.102709] virt_mshv_vtl::processor::hardware_cvm:  INFO  modify_gpa_visibility visibility=SHARED pages=0x1
<30>[  109.135996] tdcall:  INFO  tdcall_mem_page_release range=0xf7e95000-0xf7e96000
<30>[  109.175035] log:  INFO  release_pages: 0xf7e95000-0xf7e96000    
<30>[  109.218057] virt_mshv_vtl::processor::hardware_cvm:  INFO  modify_gpa_visibility visibility=SHARED pages=0x1
<30>[  109.256339] tdcall:  INFO  tdcall_mem_page_release range=0xf7e96000-0xf7e97000
<30>[  109.284453] log:  INFO  release_pages: 0xf7e96000-0xf7e97000    
<30>[  109.340459] virt_mshv_vtl::processor::hardware_cvm:  INFO  modify_gpa_visibility visibility=SHARED pages=0x1
<30>[  109.437016] tdcall:  INFO  tdcall_mem_page_release range=0xf7e97000-0xf7e98000
<30>[  109.501641] log:  INFO  release_pages: 0xf7e97000-0xf7e98000    
<30>[  109.591127] virt_mshv_vtl::processor::hardware_cvm:  INFO  modify_gpa_visibility visibility=SHARED pages=0x1
<30>[  109.638796] tdcall:  INFO  tdcall_mem_page_release range=0xf7e98000-0xf7e99000
<30>[  109.665899] log:  INFO  release_pages: 0xf7e98000-0xf7e99000    
<30>[  109.716809] virt_mshv_vtl::processor::hardware_cvm:  INFO  modify_gpa_visibility visibility=SHARED pages=0x1
<30>[  109.729407] tdcall:  INFO  tdcall_mem_page_release range=0xf7e99000-0xf7e9a000
<30>[  109.753808] log:  INFO  release_pages: 0xf7e99000-0xf7e9a000    
<30>[  109.805957] virt_mshv_vtl::processor::hardware_cvm:  INFO  modify_gpa_visibility visibility=SHARED pages=0x1
<30>[  109.811877] virt_mshv_vtl::processor::hardware_cvm:  INFO  modify_gpa_visibility visibility=SHARED pages=0x1fe
<30>[  109.911310] tdcall:  INFO  tdcall_mem_page_release range=0xf7e9a000-0xf7e9b000
<30>[  109.948841] log:  INFO  release_pages: 0xf7e9a000-0xf7e9b000    
<30>[  109.990900] virt_mshv_vtl::processor::hardware_cvm:  INFO  modify_gpa_visibility visibility=SHARED pages=0x1
<30>[  110.024193] tdcall:  INFO  tdcall_mem_page_release range=0x31cdc5000-0x31cdce000
<30>[  110.066678] log:  INFO  release_pages: 0x31cdc5000-0x31cdce000    
<30>[  110.123633] tdcall:  INFO  tdcall_mem_page_release range=0x31cdd0000-0x31cdd1000
<30>[  110.141035] log:  INFO  release_pages: 0x31cdd0000-0x31cdd1000    
<30>[  110.152537] tdcall:  INFO  tdcall_mem_page_release range=0x31cdd2000-0x31cdd4000
<30>[  110.171085] log:  INFO  release_pages: 0x31cdd2000-0x31cdd4000    
<30>[  110.195903] tdcall:  INFO  tdcall_mem_page_release range=0x31cdd7000-0x31cddb000
<30>[  110.209967] log:  INFO  release_pages: 0x31cdd7000-0x31cddb000    
<30>[  110.221416] tdcall:  INFO  tdcall_mem_page_release range=0x31cc92000-0x31cc93000
<30>[  110.233830] log:  INFO  release_pages: 0x31cc92000-0x31cc93000    
<30>[  110.245715] tdcall:  INFO  tdcall_mem_page_release range=0x31ccb6000-0x31ccb7000
<30>[  110.260756] log:  INFO  release_pages: 0x31ccb6000-0x31ccb7000    
<30>[  110.276042] tdcall:  INFO  tdcall_mem_page_release range=0x31ccbe000-0x31ccbf000
<30>[  110.291242] log:  INFO  release_pages: 0x31ccbe000-0x31ccbf000    
<30>[  110.304722] tdcall:  INFO  tdcall_mem_page_release range=0x31ccc9000-0x31cccb000
<30>[  110.319987] log:  INFO  release_pages: 0x31ccc9000-0x31cccb000    
<30>[  110.336541] tdcall:  INFO  tdcall_mem_page_release range=0x31cccf000-0x31ccd7000
<30>[  110.353532] log:  INFO  release_pages: 0x31cccf000-0x31ccd7000    
<30>[  110.365661] tdcall:  INFO  tdcall_mem_page_release range=0x31cd55000-0x31cd5a000
<30>[  110.377849] log:  INFO  release_pages: 0x31cd55000-0x31cd5a000    
<30>[  110.410263] tdcall:  INFO  tdcall_mem_page_release range=0x31cd5b000-0x31cd5d000
<30>[  110.435686] log:  INFO  release_pages: 0x31cd5b000-0x31cd5d000    
<30>[  110.460817] tdcall:  INFO  tdcall_mem_page_release range=0x31cd66000-0x31cd67000
<30>[  110.482167] log:  INFO  release_pages: 0x31cd66000-0x31cd67000    
<30>[  110.507073] tdcall:  INFO  tdcall_mem_page_release range=0x31cd69000-0x31cd6a000
<30>[  110.542227] log:  INFO  release_pages: 0x31cd69000-0x31cd6a000    
<30>[  110.559960] tdcall:  INFO  tdcall_mem_page_release range=0x31cd6c000-0x31cd6d000
<30>[  110.576377] log:  INFO  release_pages: 0x31cd6c000-0x31cd6d000    
<30>[  110.595691] tdcall:  INFO  tdcall_mem_page_release range=0x31cd6f000-0x31cd70000
<30>[  110.618761] log:  INFO  release_pages: 0x31cd6f000-0x31cd70000    
<30>[  110.651849] tdcall:  INFO  tdcall_mem_page_release range=0x31cd72000-0x31cd73000
<30>[  110.667949] log:  INFO  release_pages: 0x31cd72000-0x31cd73000    
<30>[  110.681923] tdcall:  INFO  tdcall_mem_page_release range=0x31cd75000-0x31cd76000
<30>[  110.696021] log:  INFO  release_pages: 0x31cd75000-0x31cd76000    
<30>[  110.726131] tdcall:  INFO  tdcall_mem_page_release range=0x31cd78000-0x31cd79000
<30>[  110.741130] log:  INFO  release_pages: 0x31cd78000-0x31cd79000    
<30>[  110.760083] tdcall:  INFO  tdcall_mem_page_release range=0x31cd7b000-0x31cd7c000
<30>[  110.801510] log:  INFO  release_pages: 0x31cd7b000-0x31cd7c000    
<30>[  110.823467] tdcall:  INFO  tdcall_mem_page_release range=0x31cd7e000-0x31cd7f000
<30>[  110.855242] log:  INFO  release_pages: 0x31cd7e000-0x31cd7f000    
<30>[  110.868066] tdcall:  INFO  tdcall_mem_page_release range=0x31cd81000-0x31cd82000
<30>[  110.884217] log:  INFO  release_pages: 0x31cd81000-0x31cd82000    
<30>[  110.896336] tdcall:  INFO  tdcall_mem_page_release range=0x31cd84000-0x31cd85000
<30>[  110.915937] log:  INFO  release_pages: 0x31cd84000-0x31cd85000    
<30>[  110.928466] tdcall:  INFO  tdcall_mem_page_release range=0x302060000-0x30222f000
<30>[  110.950670] log:  INFO  release_pages: 0x302060000-0x30222f000    
<30>[  111.088948] tdcall:  INFO  tdcall_mem_page_release range=0xf7e9b000-0xf7e9c000
<30>[  111.094729] virt_mshv_vtl::processor::hardware_cvm:  INFO  modify_gpa_visibility visibility=SHARED pages=0x2
<30>[  111.120202] log:  INFO  release_pages: 0xf7e9b000-0xf7e9c000    
<30>[  111.220995] tdcall:  INFO  tdcall_mem_page_release range=0x30222f000-0x302231000
<30>[  111.221116] virt_mshv_vtl::processor::hardware_cvm:  INFO  modify_gpa_visibility visibility=SHARED pages=0x1
<30>[  111.259489] log:  INFO  release_pages: 0x30222f000-0x302231000    
<30>[  111.364404] tdcall:  INFO  tdcall_mem_page_release range=0xf7e9c000-0xf7e9d000
<30>[  111.365865] virt_mshv_vtl::processor::hardware_cvm:  INFO  modify_gpa_visibility visibility=SHARED pages=0x1fe
<30>[  111.395568] log:  INFO  release_pages: 0xf7e9c000-0xf7e9d000    
<30>[  111.494956] virt_mshv_vtl::processor::hardware_cvm:  INFO  modify_gpa_visibility visibility=SHARED pages=0x1
<30>[  111.534715] tdcall:  INFO  tdcall_mem_page_release range=0x302235000-0x302400000
<30>[  111.584277] log:  INFO  release_pages: 0x302235000-0x302400000    
<30>[  111.650776] tdcall:  INFO  tdcall_mem_page_release range=0x122200000-0x122233000
<30>[  111.717357] log:  INFO  release_pages: 0x122200000-0x122233000    
<30>[  112.359522] tdcall:  INFO  tdcall_mem_page_release range=0xf7e9d000-0xf7e9e000
<30>[  112.371459] virt_mshv_vtl::processor::hardware_cvm:  INFO  modify_gpa_visibility visibility=SHARED pages=0x2
<30>[  112.406062] log:  INFO  release_pages: 0xf7e9d000-0xf7e9e000    
<30>[  112.525510] virt_mshv_vtl::processor::hardware_cvm:  INFO  modify_gpa_visibility visibility=SHARED pages=0x1
<30>[  112.525788] tdcall:  INFO  tdcall_mem_page_release range=0x122233000-0x122235000
<30>[  112.657640] log:  INFO  release_pages: 0x122233000-0x122235000    
<30>[  112.742423] tdcall:  INFO  tdcall_mem_page_release range=0xf7e9e000-0xf7e9f000
<30>[  112.812472] log:  INFO  release_pages: 0xf7e9e000-0xf7e9f000    
<30>[  112.896214] virt_mshv_vtl::processor::hardware_cvm:  INFO  modify_gpa_visibility visibility=SHARED pages=0x1
<30>[  112.957243] tdcall:  INFO  tdcall_mem_page_release range=0xf7e9f000-0xf7ea0000
<30>[  113.026349] log:  INFO  release_pages: 0xf7e9f000-0xf7ea0000    
<30>[  113.104191] virt_mshv_vtl::processor::hardware_cvm:  INFO  modify_gpa_visibility visibility=SHARED pages=0x1
<30>[  113.162772] tdcall:  INFO  tdcall_mem_page_release range=0xf7ea0000-0xf7ea1000
<30>[  113.190642] log:  INFO  release_pages: 0xf7ea0000-0xf7ea1000    
<30>[  113.228252] virt_mshv_vtl::processor::hardware_cvm:  INFO  modify_gpa_visibility visibility=SHARED pages=0x1
<30>[  113.240444] tdcall:  INFO  tdcall_mem_page_release range=0xf7ea1000-0xf7ea2000
<30>[  113.279972] log:  INFO  release_pages: 0xf7ea1000-0xf7ea2000    
<30>[  113.353018] virt_mshv_vtl::processor::hardware_cvm:  INFO  modify_gpa_visibility visibility=SHARED pages=0x1
<30>[  113.402740] tdcall:  INFO  tdcall_mem_page_release range=0xf7ea2000-0xf7ea3000
<30>[  113.429623] log:  INFO  release_pages: 0xf7ea2000-0xf7ea3000    
<30>[  113.480090] virt_mshv_vtl::processor::hardware_cvm:  INFO  modify_gpa_visibility visibility=SHARED pages=0x1
<30>[  113.489785] tdcall:  INFO  tdcall_mem_page_release range=0xf7ea3000-0xf7ea4000
<30>[  113.516698] log:  INFO  release_pages: 0xf7ea3000-0xf7ea4000    
<30>[  113.595524] virt_mshv_vtl::processor::hardware_cvm:  INFO  modify_gpa_visibility visibility=SHARED pages=0x1
<30>[  113.654018] tdcall:  INFO  tdcall_mem_page_release range=0xf7ea4000-0xf7ea5000
<30>[  113.707928] log:  INFO  release_pages: 0xf7ea4000-0xf7ea5000    
<30>[  113.750048] virt_mshv_vtl::processor::hardware_cvm:  INFO  modify_gpa_visibility visibility=SHARED pages=0x1
<30>[  113.782606] tdcall:  INFO  tdcall_mem_page_release range=0xf7ea5000-0xf7ea6000
<30>[  113.806212] log:  INFO  release_pages: 0xf7ea5000-0xf7ea6000    
<30>[  113.844262] virt_mshv_vtl::processor::hardware_cvm:  INFO  modify_gpa_visibility visibility=SHARED pages=0x1
<30>[  113.878536] tdcall:  INFO  tdcall_mem_page_release range=0xf7ea6000-0xf7ea7000
<30>[  113.894478] log:  INFO  release_pages: 0xf7ea6000-0xf7ea7000    
<30>[  113.936458] virt_mshv_vtl::processor::hardware_cvm:  INFO  modify_gpa_visibility visibility=SHARED pages=0x1
<30>[  113.948572] tdcall:  INFO  tdcall_mem_page_release range=0xf7ea7000-0xf7ea8000
<30>[  114.000332] log:  INFO  release_pages: 0xf7ea7000-0xf7ea8000    
<30>[  114.064256] virt_mshv_vtl::processor::hardware_cvm:  INFO  modify_gpa_visibility visibility=SHARED pages=0x1
<30>[  114.133615] tdcall:  INFO  tdcall_mem_page_release range=0xf7ea8000-0xf7ea9000
<30>[  114.196480] log:  INFO  release_pages: 0xf7ea8000-0xf7ea9000    
<30>[  114.276944] virt_mshv_vtl::processor::hardware_cvm:  INFO  modify_gpa_visibility visibility=SHARED pages=0x1
<30>[  114.337377] tdcall:  INFO  tdcall_mem_page_release range=0xf7ea9000-0xf7eaa000
<30>[  114.393797] log:  INFO  release_pages: 0xf7ea9000-0xf7eaa000    
<30>[  114.472104] virt_mshv_vtl::processor::hardware_cvm:  INFO  modify_gpa_visibility visibility=SHARED pages=0x1
<30>[  114.505066] tdcall:  INFO  tdcall_mem_page_release range=0xf7eaa000-0xf7eab000
<30>[  114.539670] log:  INFO  release_pages: 0xf7eaa000-0xf7eab000    
<30>[  114.586890] virt_mshv_vtl::processor::hardware_cvm:  INFO  modify_gpa_visibility visibility=SHARED pages=0x1
<30>[  114.621181] tdcall:  INFO  tdcall_mem_page_release range=0xf7eab000-0xf7eac000
<30>[  114.666942] log:  INFO  release_pages: 0xf7eab000-0xf7eac000    
<30>[  114.723259] virt_mshv_vtl::processor::hardware_cvm:  INFO  modify_gpa_visibility visibility=SHARED pages=0x1
<30>[  114.791962] tdcall:  INFO  tdcall_mem_page_release range=0xf7eac000-0xf7ead000
<30>[  114.851167] log:  INFO  release_pages: 0xf7eac000-0xf7ead000    
<30>[  114.929856] virt_mshv_vtl::processor::hardware_cvm:  INFO  modify_gpa_visibility visibility=SHARED pages=0x1
<30>[  114.978129] tdcall:  INFO  tdcall_mem_page_release range=0xf7ead000-0xf7eae000
<30>[  115.011726] log:  INFO  release_pages: 0xf7ead000-0xf7eae000    
<30>[  115.070962] virt_mshv_vtl::processor::hardware_cvm:  INFO  modify_gpa_visibility visibility=SHARED pages=0x1
<30>[  115.119334] tdcall:  INFO  tdcall_mem_page_release range=0xf7eae000-0xf7eaf000
<30>[  115.143961] log:  INFO  release_pages: 0xf7eae000-0xf7eaf000    
<30>[  115.183288] virt_mshv_vtl::processor::hardware_cvm:  INFO  modify_gpa_visibility visibility=SHARED pages=0x1
<30>[  115.262735] tdcall:  INFO  tdcall_mem_page_release range=0xf7eaf000-0xf7eb0000
<30>[  115.323241] log:  INFO  release_pages: 0xf7eaf000-0xf7eb0000    
<30>[  115.405990] virt_mshv_vtl::processor::hardware_cvm:  INFO  modify_gpa_visibility visibility=SHARED pages=0x1
<30>[  115.455015] tdcall:  INFO  tdcall_mem_page_release range=0xf7eb0000-0xf7eb1000
<30>[  115.516600] log:  INFO  release_pages: 0xf7eb0000-0xf7eb1000    
<30>[  115.595510] virt_mshv_vtl::processor::hardware_cvm:  INFO  modify_gpa_visibility visibility=SHARED pages=0x1
<30>[  115.677046] tdcall:  INFO  tdcall_mem_page_release range=0xf7eb1000-0xf7eb2000
<30>[  115.746908] log:  INFO  release_pages: 0xf7eb1000-0xf7eb2000    
<30>[  115.822872] virt_mshv_vtl::processor::hardware_cvm:  INFO  modify_gpa_visibility visibility=SHARED pages=0x1
<30>[  115.908341] tdcall:  INFO  tdcall_mem_page_release range=0xf7eb2000-0xf7eb3000
<30>[  115.968512] log:  INFO  release_pages: 0xf7eb2000-0xf7eb3000    
<30>[  116.046580] virt_mshv_vtl::processor::hardware_cvm:  INFO  modify_gpa_visibility visibility=SHARED pages=0x1
<30>[  116.098620] tdcall:  INFO  tdcall_mem_page_release range=0xf7eb3000-0xf7eb4000
<30>[  116.160447] log:  INFO  release_pages: 0xf7eb3000-0xf7eb4000    
<30>[  116.249234] virt_mshv_vtl::processor::hardware_cvm:  INFO  modify_gpa_visibility visibility=SHARED pages=0x1
<30>[  116.298417] tdcall:  INFO  tdcall_mem_page_release range=0xf7eb4000-0xf7eb5000
<30>[  116.359921] log:  INFO  release_pages: 0xf7eb4000-0xf7eb5000    
<30>[  116.437312] virt_mshv_vtl::processor::hardware_cvm:  INFO  modify_gpa_visibility visibility=SHARED pages=0x1
<30>[  116.513302] tdcall:  INFO  tdcall_mem_page_release range=0xf7eb5000-0xf7eb6000
<30>[  116.576257] log:  INFO  release_pages: 0xf7eb5000-0xf7eb6000    
<30>[  116.654304] virt_mshv_vtl::processor::hardware_cvm:  INFO  modify_gpa_visibility visibility=SHARED pages=0x1
<30>[  116.745520] tdcall:  INFO  tdcall_mem_page_release range=0xf7eb6000-0xf7eb7000
<30>[  116.804892] log:  INFO  release_pages: 0xf7eb6000-0xf7eb7000    
<30>[  116.883776] virt_mshv_vtl::processor::hardware_cvm:  INFO  modify_gpa_visibility visibility=SHARED pages=0x1
<30>[  116.919694] tdcall:  INFO  tdcall_mem_page_release range=0xf7eb7000-0xf7eb8000
<30>[  116.976653] log:  INFO  release_pages: 0xf7eb7000-0xf7eb8000    
<30>[  117.057725] virt_mshv_vtl::processor::hardware_cvm:  INFO  modify_gpa_visibility visibility=SHARED pages=0x1
<30>[  117.103425] tdcall:  INFO  tdcall_mem_page_release range=0xf7eb8000-0xf7eb9000
<30>[  117.159301] log:  INFO  release_pages: 0xf7eb8000-0xf7eb9000    
<30>[  117.237955] virt_mshv_vtl::processor::hardware_cvm:  INFO  modify_gpa_visibility visibility=SHARED pages=0x1
<30>[  117.297886] tdcall:  INFO  tdcall_mem_page_release range=0xf7eb9000-0xf7eba000
<30>[  117.364085] log:  INFO  release_pages: 0xf7eb9000-0xf7eba000    
<30>[  117.442511] virt_mshv_vtl::processor::hardware_cvm:  INFO  modify_gpa_visibility visibility=SHARED pages=0x1
<30>[  117.515068] tdcall:  INFO  tdcall_mem_page_release range=0xf7eba000-0xf7ebb000
<30>[  117.578446] log:  INFO  release_pages: 0xf7eba000-0xf7ebb000    
<30>[  117.674158] virt_mshv_vtl::processor::hardware_cvm:  INFO  modify_gpa_visibility visibility=SHARED pages=0x1
<30>[  117.758841] tdcall:  INFO  tdcall_mem_page_release range=0xf7ebb000-0xf7ebc000
<30>[  117.835825] log:  INFO  release_pages: 0xf7ebb000-0xf7ebc000    
<30>[  117.913393] virt_mshv_vtl::processor::hardware_cvm:  INFO  modify_gpa_visibility visibility=SHARED pages=0x1
<30>[  118.007688] tdcall:  INFO  tdcall_mem_page_release range=0xf7ebc000-0xf7ebd000
<30>[  118.072896] log:  INFO  release_pages: 0xf7ebc000-0xf7ebd000    
<30>[  118.154415] virt_mshv_vtl::processor::hardware_cvm:  INFO  modify_gpa_visibility visibility=SHARED pages=0x1
<30>[  118.204153] tdcall:  INFO  tdcall_mem_page_release range=0xf7ebd000-0xf7ebe000
<30>[  118.281904] log:  INFO  release_pages: 0xf7ebd000-0xf7ebe000    
<30>[  118.360239] virt_mshv_vtl::processor::hardware_cvm:  INFO  modify_gpa_visibility visibility=SHARED pages=0x1
<30>[  118.423180] tdcall:  INFO  tdcall_mem_page_release range=0xf7ebe000-0xf7ebf000
<30>[  118.484109] log:  INFO  release_pages: 0xf7ebe000-0xf7ebf000    
<30>[  118.560854] virt_mshv_vtl::processor::hardware_cvm:  INFO  modify_gpa_visibility visibility=SHARED pages=0x1
<30>[  118.656719] tdcall:  INFO  tdcall_mem_page_release range=0xf7ebf000-0xf7ec0000
<30>[  118.728136] log:  INFO  release_pages: 0xf7ebf000-0xf7ec0000    
<30>[  118.802382] virt_mshv_vtl::processor::hardware_cvm:  INFO  modify_gpa_visibility visibility=SHARED pages=0x1
<30>[  118.863781] tdcall:  INFO  tdcall_mem_page_release range=0xf7ec0000-0xf7ec1000
<30>[  118.907022] log:  INFO  release_pages: 0xf7ec0000-0xf7ec1000    
<30>[  118.991399] virt_mshv_vtl::processor::hardware_cvm:  INFO  modify_gpa_visibility visibility=SHARED pages=0x1
<30>[  119.076463] tdcall:  INFO  tdcall_mem_page_release range=0xf7ec1000-0xf7ec2000
<30>[  119.140770] log:  INFO  release_pages: 0xf7ec1000-0xf7ec2000    
<30>[  119.219350] virt_mshv_vtl::processor::hardware_cvm:  INFO  modify_gpa_visibility visibility=SHARED pages=0x1
<30>[  119.285903] tdcall:  INFO  tdcall_mem_page_release range=0xf7ec2000-0xf7ec3000
<30>[  119.354574] log:  INFO  release_pages: 0xf7ec2000-0xf7ec3000    
<30>[  119.432079] virt_mshv_vtl::processor::hardware_cvm:  INFO  modify_gpa_visibility visibility=SHARED pages=0x1
<30>[  119.514437] tdcall:  INFO  tdcall_mem_page_release range=0xf7ec3000-0xf7ec4000
<30>[  119.576798] log:  INFO  release_pages: 0xf7ec3000-0xf7ec4000    
<30>[  119.663230] virt_mshv_vtl::processor::hardware_cvm:  INFO  modify_gpa_visibility visibility=SHARED pages=0x1
<30>[  119.716465] tdcall:  INFO  tdcall_mem_page_release range=0xf7ec4000-0xf7ec5000
<30>[  119.730315] log:  INFO  release_pages: 0xf7ec4000-0xf7ec5000    
<30>[  120.315562] virt_mshv_vtl::processor::hardware_cvm:  INFO  modify_gpa_visibility visibility=SHARED pages=0x1
<30>[  120.352187] tdcall:  INFO  tdcall_mem_page_release range=0xf7ec5000-0xf7ec6000
<30>[  120.402147] log:  INFO  release_pages: 0xf7ec5000-0xf7ec6000    
<30>[  120.489506] virt_mshv_vtl::processor::hardware_cvm:  INFO  modify_gpa_visibility visibility=SHARED pages=0x1
<30>[  120.589440] tdcall:  INFO  tdcall_mem_page_release range=0xf7ec6000-0xf7ec7000
<30>[  120.655512] log:  INFO  release_pages: 0xf7ec6000-0xf7ec7000    
<30>[  120.742230] virt_mshv_vtl::processor::hardware_cvm:  INFO  modify_gpa_visibility visibility=SHARED pages=0x1
<30>[  120.816548] tdcall:  INFO  tdcall_mem_page_release range=0xf7ec7000-0xf7ec8000
<30>[  120.882810] log:  INFO  release_pages: 0xf7ec7000-0xf7ec8000    
<30>[  120.979236] virt_mshv_vtl::processor::hardware_cvm:  INFO  modify_gpa_visibility visibility=SHARED pages=0x1
<30>[  121.032716] tdcall:  INFO  tdcall_mem_page_release range=0xf7ec8000-0xf7ec9000
<30>[  121.081560] log:  INFO  release_pages: 0xf7ec8000-0xf7ec9000    
<30>[  121.152601] virt_mshv_vtl::processor::hardware_cvm:  INFO  modify_gpa_visibility visibility=SHARED pages=0x1
<30>[  121.214707] tdcall:  INFO  tdcall_mem_page_release range=0xf7ec9000-0xf7eca000
<30>[  121.284557] log:  INFO  release_pages: 0xf7ec9000-0xf7eca000    
<30>[  121.373533] virt_mshv_vtl::processor::hardware_cvm:  INFO  modify_gpa_visibility visibility=SHARED pages=0x1
<30>[  121.414462] tdcall:  INFO  tdcall_mem_page_release range=0xf7eca000-0xf7ecb000
<30>[  121.451873] log:  INFO  release_pages: 0xf7eca000-0xf7ecb000    
<30>[  121.506014] virt_mshv_vtl::processor::hardware_cvm:  INFO  modify_gpa_visibility visibility=SHARED pages=0x1
<30>[  121.575398] tdcall:  INFO  tdcall_mem_page_release range=0xf7ecb000-0xf7ecc000
<30>[  121.632619] log:  INFO  release_pages: 0xf7ecb000-0xf7ecc000    
<30>[  121.716938] virt_mshv_vtl::processor::hardware_cvm:  INFO  modify_gpa_visibility visibility=SHARED pages=0x1
<30>[  121.795004] tdcall:  INFO  tdcall_mem_page_release range=0xf7ecc000-0xf7ecd000
<30>[  121.847408] log:  INFO  release_pages: 0xf7ecc000-0xf7ecd000    
<30>[  121.938303] virt_mshv_vtl::processor::hardware_cvm:  INFO  modify_gpa_visibility visibility=SHARED pages=0x1
<30>[  121.981058] tdcall:  INFO  tdcall_mem_page_release range=0xf7ecd000-0xf7ece000
<30>[  122.010554] log:  INFO  release_pages: 0xf7ecd000-0xf7ece000    
<30>[  122.062261] virt_mshv_vtl::processor::hardware_cvm:  INFO  modify_gpa_visibility visibility=SHARED pages=0x1
<30>[  122.082049] tdcall:  INFO  tdcall_mem_page_release range=0xf7ece000-0xf7ecf000
<30>[  122.145252] log:  INFO  release_pages: 0xf7ece000-0xf7ecf000    
<30>[  122.224502] virt_mshv_vtl::processor::hardware_cvm:  INFO  modify_gpa_visibility visibility=SHARED pages=0x1
<30>[  122.292248] tdcall:  INFO  tdcall_mem_page_release range=0xf7ecf000-0xf7ed0000
<30>[  122.352329] log:  INFO  release_pages: 0xf7ecf000-0xf7ed0000    
<30>[  122.436925] virt_mshv_vtl::processor::hardware_cvm:  INFO  modify_gpa_visibility visibility=SHARED pages=0x1
<30>[  122.476184] tdcall:  INFO  tdcall_mem_page_release range=0xf7ed0000-0xf7ed1000
<30>[  122.496240] log:  INFO  release_pages: 0xf7ed0000-0xf7ed1000    
<30>[  122.535448] virt_mshv_vtl::processor::hardware_cvm:  INFO  modify_gpa_visibility visibility=SHARED pages=0x1
<30>[  122.576272] tdcall:  INFO  tdcall_mem_page_release range=0xf7ed1000-0xf7ed2000
<30>[  122.590266] log:  INFO  release_pages: 0xf7ed1000-0xf7ed2000    
<30>[  122.629222] virt_mshv_vtl::processor::hardware_cvm:  INFO  modify_gpa_visibility visibility=SHARED pages=0x1
<30>[  122.667928] tdcall:  INFO  tdcall_mem_page_release range=0xf7ed2000-0xf7ed3000
<30>[  122.714157] log:  INFO  release_pages: 0xf7ed2000-0xf7ed3000    
<30>[  122.762683] virt_mshv_vtl::processor::hardware_cvm:  INFO  modify_gpa_visibility visibility=SHARED pages=0x1
<30>[  122.806493] tdcall:  INFO  tdcall_mem_page_release range=0xf7ed3000-0xf7ed4000
<30>[  122.865494] log:  INFO  release_pages: 0xf7ed3000-0xf7ed4000    
<30>[  122.934519] virt_mshv_vtl::processor::hardware_cvm:  INFO  modify_gpa_visibility visibility=SHARED pages=0x1
<30>[  122.983082] tdcall:  INFO  tdcall_mem_page_release range=0xf7ed4000-0xf7ed5000
<30>[  123.017293] log:  INFO  release_pages: 0xf7ed4000-0xf7ed5000    
<30>[  123.087376] virt_mshv_vtl::processor::hardware_cvm:  INFO  modify_gpa_visibility visibility=SHARED pages=0x1
<30>[  123.159543] tdcall:  INFO  tdcall_mem_page_release range=0xf7ed5000-0xf7ed6000
<30>[  123.184783] log:  INFO  release_pages: 0xf7ed5000-0xf7ed6000    
<30>[  123.234817] virt_mshv_vtl::processor::hardware_cvm:  INFO  modify_gpa_visibility visibility=SHARED pages=0x1
<30>[  123.253341] tdcall:  INFO  tdcall_mem_page_release range=0xf7ed6000-0xf7ed7000
<30>[  123.284339] log:  INFO  release_pages: 0xf7ed6000-0xf7ed7000    
<30>[  123.326193] virt_mshv_vtl::processor::hardware_cvm:  INFO  modify_gpa_visibility visibility=SHARED pages=0x1
<30>[  123.341144] tdcall:  INFO  tdcall_mem_page_release range=0xf7ed7000-0xf7ed8000
<30>[  123.367081] log:  INFO  release_pages: 0xf7ed7000-0xf7ed8000    
<30>[  123.438285] virt_mshv_vtl::processor::hardware_cvm:  INFO  modify_gpa_visibility visibility=SHARED pages=0x1
<30>[  123.484222] tdcall:  INFO  tdcall_mem_page_release range=0xf7ed8000-0xf7ed9000
<30>[  123.534863] log:  INFO  release_pages: 0xf7ed8000-0xf7ed9000    
<30>[  123.605772] virt_mshv_vtl::processor::hardware_cvm:  INFO  modify_gpa_visibility visibility=SHARED pages=0x1
<30>[  123.689428] tdcall:  INFO  tdcall_mem_page_release range=0xf7ed9000-0xf7eda000
<30>[  123.762630] log:  INFO  release_pages: 0xf7ed9000-0xf7eda000    
<30>[  123.848110] virt_mshv_vtl::processor::hardware_cvm:  INFO  modify_gpa_visibility visibility=SHARED pages=0x1
<30>[  123.910818] tdcall:  INFO  tdcall_mem_page_release range=0xf7eda000-0xf7edb000
<30>[  123.979694] log:  INFO  release_pages: 0xf7eda000-0xf7edb000    
<30>[  124.058379] virt_mshv_vtl::processor::hardware_cvm:  INFO  modify_gpa_visibility visibility=SHARED pages=0x1
<30>[  124.109787] tdcall:  INFO  tdcall_mem_page_release range=0xf7edb000-0xf7edc000
<30>[  124.174835] log:  INFO  release_pages: 0xf7edb000-0xf7edc000    
<30>[  124.259285] virt_mshv_vtl::processor::hardware_cvm:  INFO  modify_gpa_visibility visibility=SHARED pages=0x1
<30>[  124.308975] tdcall:  INFO  tdcall_mem_page_release range=0xf7edc000-0xf7edd000
<30>[  124.370943] log:  INFO  release_pages: 0xf7edc000-0xf7edd000    
<30>[  124.449185] virt_mshv_vtl::processor::hardware_cvm:  INFO  modify_gpa_visibility visibility=SHARED pages=0x1
<30>[  124.516459] tdcall:  INFO  tdcall_mem_page_release range=0xf7edd000-0xf7ede000
<30>[  124.578575] log:  INFO  release_pages: 0xf7edd000-0xf7ede000    
<30>[  124.661722] virt_mshv_vtl::processor::hardware_cvm:  INFO  modify_gpa_visibility visibility=SHARED pages=0x1
<30>[  124.714259] tdcall:  INFO  tdcall_mem_page_release range=0xf7ede000-0xf7edf000
<30>[  124.769831] log:  INFO  release_pages: 0xf7ede000-0xf7edf000    
<30>[  124.818775] virt_mshv_vtl::processor::hardware_cvm:  INFO  modify_gpa_visibility visibility=SHARED pages=0x1
<30>[  124.893158] tdcall:  INFO  tdcall_mem_page_release range=0xf7edf000-0xf7ee0000
<30>[  124.957134] log:  INFO  release_pages: 0xf7edf000-0xf7ee0000    
<30>[  125.036573] virt_mshv_vtl::processor::hardware_cvm:  INFO  modify_gpa_visibility visibility=SHARED pages=0x1
<30>[  125.087886] tdcall:  INFO  tdcall_mem_page_release range=0xf7ee0000-0xf7ee1000
<30>[  125.142875] log:  INFO  release_pages: 0xf7ee0000-0xf7ee1000    
<30>[  125.220010] virt_mshv_vtl::processor::hardware_cvm:  INFO  modify_gpa_visibility visibility=SHARED pages=0x1
<30>[  125.300330] tdcall:  INFO  tdcall_mem_page_release range=0xf7ee1000-0xf7ee2000
<30>[  125.360790] log:  INFO  release_pages: 0xf7ee1000-0xf7ee2000    
<30>[  125.439205] virt_mshv_vtl::processor::hardware_cvm:  INFO  modify_gpa_visibility visibility=SHARED pages=0x1
<30>[  125.495491] tdcall:  INFO  tdcall_mem_page_release range=0xf7ee2000-0xf7ee3000
<30>[  125.572791] log:  INFO  release_pages: 0xf7ee2000-0xf7ee3000    
<30>[  125.652323] virt_mshv_vtl::processor::hardware_cvm:  INFO  modify_gpa_visibility visibility=SHARED pages=0x1
<30>[  125.698608] tdcall:  INFO  tdcall_mem_page_release range=0xf7ee3000-0xf7ee4000
<30>[  125.737997] log:  INFO  release_pages: 0xf7ee3000-0xf7ee4000    
<30>[  125.810034] virt_mshv_vtl::processor::hardware_cvm:  INFO  modify_gpa_visibility visibility=SHARED pages=0x1
<30>[  125.890050] tdcall:  INFO  tdcall_mem_page_release range=0xf7ee4000-0xf7ee5000
<30>[  125.951122] log:  INFO  release_pages: 0xf7ee4000-0xf7ee5000    
<30>[  126.039554] virt_mshv_vtl::processor::hardware_cvm:  INFO  modify_gpa_visibility visibility=SHARED pages=0x1
<30>[  126.080449] tdcall:  INFO  tdcall_mem_page_release range=0xf7ee5000-0xf7ee6000
<30>[  126.120895] log:  INFO  release_pages: 0xf7ee5000-0xf7ee6000    
<30>[  126.179611] virt_mshv_vtl::processor::hardware_cvm:  INFO  modify_gpa_visibility visibility=SHARED pages=0x1
<30>[  126.233095] tdcall:  INFO  tdcall_mem_page_release range=0xf7ee6000-0xf7ee7000
<30>[  126.242310] log:  INFO  release_pages: 0xf7ee6000-0xf7ee7000    
<30>[  126.311870] virt_mshv_vtl::processor::hardware_cvm:  INFO  modify_gpa_visibility visibility=SHARED pages=0x1
<30>[  126.365452] tdcall:  INFO  tdcall_mem_page_release range=0xf7ee7000-0xf7ee8000
<30>[  126.437817] log:  INFO  release_pages: 0xf7ee7000-0xf7ee8000    
<30>[  126.519536] virt_mshv_vtl::processor::hardware_cvm:  INFO  modify_gpa_visibility visibility=SHARED pages=0x1
<30>[  126.610192] tdcall:  INFO  tdcall_mem_page_release range=0xf7ee8000-0xf7ee9000
<30>[  126.682947] log:  INFO  release_pages: 0xf7ee8000-0xf7ee9000    
<30>[  126.742243] virt_mshv_vtl::processor::hardware_cvm:  INFO  modify_gpa_visibility visibility=SHARED pages=0x1
<30>[  126.815697] tdcall:  INFO  tdcall_mem_page_release range=0xf7ee9000-0xf7eea000
<30>[  126.861883] log:  INFO  release_pages: 0xf7ee9000-0xf7eea000    
<30>[  126.935303] virt_mshv_vtl::processor::hardware_cvm:  INFO  modify_gpa_visibility visibility=SHARED pages=0x1
<30>[  126.990976] tdcall:  INFO  tdcall_mem_page_release range=0xf7eea000-0xf7eeb000
<30>[  127.027533] log:  INFO  release_pages: 0xf7eea000-0xf7eeb000    
<30>[  127.082178] virt_mshv_vtl::processor::hardware_cvm:  INFO  modify_gpa_visibility visibility=SHARED pages=0x1
<30>[  127.126864] tdcall:  INFO  tdcall_mem_page_release range=0xf7eeb000-0xf7eec000
<30>[  127.159589] log:  INFO  release_pages: 0xf7eeb000-0xf7eec000    
<30>[  127.210402] virt_mshv_vtl::processor::hardware_cvm:  INFO  modify_gpa_visibility visibility=SHARED pages=0x1
<30>[  127.265165] tdcall:  INFO  tdcall_mem_page_release range=0xf7eec000-0xf7eed000
<30>[  127.299921] log:  INFO  release_pages: 0xf7eec000-0xf7eed000    
<30>[  127.357035] virt_mshv_vtl::processor::hardware_cvm:  INFO  modify_gpa_visibility visibility=SHARED pages=0x1
<30>[  127.414323] tdcall:  INFO  tdcall_mem_page_release range=0xf7eed000-0xf7eee000
<30>[  127.436348] log:  INFO  release_pages: 0xf7eed000-0xf7eee000    
<30>[  127.975137] virt_mshv_vtl::processor::hardware_cvm:  INFO  modify_gpa_visibility visibility=SHARED pages=0x1
<30>[  128.047542] tdcall:  INFO  tdcall_mem_page_release range=0xf7eee000-0xf7eef000
<30>[  128.096318] log:  INFO  release_pages: 0xf7eee000-0xf7eef000    
<30>[  128.150780] virt_mshv_vtl::processor::hardware_cvm:  INFO  modify_gpa_visibility visibility=SHARED pages=0x1
<30>[  128.191066] tdcall:  INFO  tdcall_mem_page_release range=0xf7eef000-0xf7ef0000
<30>[  128.225131] log:  INFO  release_pages: 0xf7eef000-0xf7ef0000    
<30>[  128.273344] virt_mshv_vtl::processor::hardware_cvm:  INFO  modify_gpa_visibility visibility=SHARED pages=0x1
<30>[  128.319892] tdcall:  INFO  tdcall_mem_page_release range=0xf7ef0000-0xf7ef1000
<30>[  128.336276] log:  INFO  release_pages: 0xf7ef0000-0xf7ef1000    
<30>[  128.375996] virt_mshv_vtl::processor::hardware_cvm:  INFO  modify_gpa_visibility visibility=SHARED pages=0x1
<30>[  128.426811] tdcall:  INFO  tdcall_mem_page_release range=0xf7ef1000-0xf7ef2000
<30>[  128.459715] log:  INFO  release_pages: 0xf7ef1000-0xf7ef2000    
<30>[  128.500259] virt_mshv_vtl::processor::hardware_cvm:  INFO  modify_gpa_visibility visibility=SHARED pages=0x1
<30>[  128.555349] tdcall:  INFO  tdcall_mem_page_release range=0xf7ef2000-0xf7ef3000
<30>[  128.578847] log:  INFO  release_pages: 0xf7ef2000-0xf7ef3000    
<30>[  128.620001] virt_mshv_vtl::processor::hardware_cvm:  INFO  modify_gpa_visibility visibility=SHARED pages=0x1
<30>[  128.656097] tdcall:  INFO  tdcall_mem_page_release range=0xf7ef3000-0xf7ef4000
<30>[  128.679411] log:  INFO  release_pages: 0xf7ef3000-0xf7ef4000    
<30>[  128.719996] virt_mshv_vtl::processor::hardware_cvm:  INFO  modify_gpa_visibility visibility=SHARED pages=0x1
<30>[  128.756487] tdcall:  INFO  tdcall_mem_page_release range=0xf7ef4000-0xf7ef5000
<30>[  128.789914] log:  INFO  release_pages: 0xf7ef4000-0xf7ef5000    
<30>[  128.836789] virt_mshv_vtl::processor::hardware_cvm:  INFO  modify_gpa_visibility visibility=SHARED pages=0x1
<30>[  128.873042] tdcall:  INFO  tdcall_mem_page_release range=0xf7ef5000-0xf7ef6000
<30>[  128.894333] log:  INFO  release_pages: 0xf7ef5000-0xf7ef6000    
<30>[  128.946343] virt_mshv_vtl::processor::hardware_cvm:  INFO  modify_gpa_visibility visibility=SHARED pages=0x1
<30>[  128.998763] tdcall:  INFO  tdcall_mem_page_release range=0xf7ef6000-0xf7ef7000
<30>[  129.027160] log:  INFO  release_pages: 0xf7ef6000-0xf7ef7000    
<30>[  129.069669] virt_mshv_vtl::processor::hardware_cvm:  INFO  modify_gpa_visibility visibility=SHARED pages=0x1
<30>[  129.126403] tdcall:  INFO  tdcall_mem_page_release range=0xf7ef7000-0xf7ef8000
<30>[  129.159250] log:  INFO  release_pages: 0xf7ef7000-0xf7ef8000    
<30>[  129.215534] virt_mshv_vtl::processor::hardware_cvm:  INFO  modify_gpa_visibility visibility=SHARED pages=0x1
<30>[  129.257867] tdcall:  INFO  tdcall_mem_page_release range=0xf7ef8000-0xf7ef9000
<30>[  129.288689] log:  INFO  release_pages: 0xf7ef8000-0xf7ef9000    
<30>[  129.328836] virt_mshv_vtl::processor::hardware_cvm:  INFO  modify_gpa_visibility visibility=SHARED pages=0x1
<30>[  129.378781] tdcall:  INFO  tdcall_mem_page_release range=0xf7ef9000-0xf7efa000
<30>[  129.392946] log:  INFO  release_pages: 0xf7ef9000-0xf7efa000    
<30>[  129.432581] virt_mshv_vtl::processor::hardware_cvm:  INFO  modify_gpa_visibility visibility=SHARED pages=0x1
<30>[  129.471018] tdcall:  INFO  tdcall_mem_page_release range=0xf7efa000-0xf7efb000
<30>[  129.503022] log:  INFO  release_pages: 0xf7efa000-0xf7efb000    
<30>[  129.559653] virt_mshv_vtl::processor::hardware_cvm:  INFO  modify_gpa_visibility visibility=SHARED pages=0x1
<30>[  129.577351] tdcall:  INFO  tdcall_mem_page_release range=0xf7efb000-0xf7efc000
<30>[  129.589077] log:  INFO  release_pages: 0xf7efb000-0xf7efc000    
<30>[  129.649547] virt_mshv_vtl::processor::hardware_cvm:  INFO  modify_gpa_visibility visibility=SHARED pages=0x1
<30>[  129.701534] tdcall:  INFO  tdcall_mem_page_release range=0xf7efc000-0xf7efd000
<30>[  129.733426] log:  INFO  release_pages: 0xf7efc000-0xf7efd000    
<30>[  129.772594] virt_mshv_vtl::processor::hardware_cvm:  INFO  modify_gpa_visibility visibility=SHARED pages=0x1
<30>[  129.817357] tdcall:  INFO  tdcall_mem_page_release range=0xf7efd000-0xf7efe000
<30>[  129.845018] log:  INFO  release_pages: 0xf7efd000-0xf7efe000    
<30>[  129.896758] virt_mshv_vtl::processor::hardware_cvm:  INFO  modify_gpa_visibility visibility=SHARED pages=0x1
<30>[  129.961482] tdcall:  INFO  tdcall_mem_page_release range=0xf7efe000-0xf7eff000
<30>[  129.997684] log:  INFO  release_pages: 0xf7efe000-0xf7eff000    
<30>[  130.058205] virt_mshv_vtl::processor::hardware_cvm:  INFO  modify_gpa_visibility visibility=SHARED pages=0x1
<30>[  130.122463] tdcall:  INFO  tdcall_mem_page_release range=0xf7eff000-0xf7f00000
<30>[  130.152566] log:  INFO  release_pages: 0xf7eff000-0xf7f00000    
<30>[  130.205046] virt_mshv_vtl::processor::hardware_cvm:  INFO  modify_gpa_visibility visibility=SHARED pages=0x1
<30>[  130.222373] tdcall:  INFO  tdcall_mem_page_release range=0xf7f00000-0xf7f01000
<30>[  130.248846] log:  INFO  release_pages: 0xf7f00000-0xf7f01000    
<30>[  130.298758] virt_mshv_vtl::processor::hardware_cvm:  INFO  modify_gpa_visibility visibility=SHARED pages=0x1
<30>[  130.344174] tdcall:  INFO  tdcall_mem_page_release range=0xf7f01000-0xf7f02000
<30>[  130.373499] log:  INFO  release_pages: 0xf7f01000-0xf7f02000    
<30>[  130.413987] virt_mshv_vtl::processor::hardware_cvm:  INFO  modify_gpa_visibility visibility=SHARED pages=0x1
<30>[  130.470512] tdcall:  INFO  tdcall_mem_page_release range=0xf7f02000-0xf7f03000
<30>[  130.507267] log:  INFO  release_pages: 0xf7f02000-0xf7f03000    
<30>[  130.554266] virt_mshv_vtl::processor::hardware_cvm:  INFO  modify_gpa_visibility visibility=SHARED pages=0x1
<30>[  130.604395] tdcall:  INFO  tdcall_mem_page_release range=0xf7f03000-0xf7f04000
<30>[  130.640018] log:  INFO  release_pages: 0xf7f03000-0xf7f04000    
<30>[  130.699898] virt_mshv_vtl::processor::hardware_cvm:  INFO  modify_gpa_visibility visibility=SHARED pages=0x1
<30>[  130.751424] tdcall:  INFO  tdcall_mem_page_release range=0xf7f04000-0xf7f05000
<30>[  130.802397] log:  INFO  release_pages: 0xf7f04000-0xf7f05000    
<30>[  130.850546] virt_mshv_vtl::processor::hardware_cvm:  INFO  modify_gpa_visibility visibility=SHARED pages=0x1
<30>[  130.892798] tdcall:  INFO  tdcall_mem_page_release range=0xf7f05000-0xf7f06000
<30>[  130.914189] log:  INFO  release_pages: 0xf7f05000-0xf7f06000    
<30>[  131.458826] virt_mshv_vtl::processor::hardware_cvm:  INFO  modify_gpa_visibility visibility=SHARED pages=0x1
<30>[  131.512718] tdcall:  INFO  tdcall_mem_page_release range=0xf7f06000-0xf7f07000
<30>[  131.555705] log:  INFO  release_pages: 0xf7f06000-0xf7f07000    
<30>[  131.614545] virt_mshv_vtl::processor::hardware_cvm:  INFO  modify_gpa_visibility visibility=SHARED pages=0x1
<30>[  131.653829] tdcall:  INFO  tdcall_mem_page_release range=0xf7f07000-0xf7f08000
<30>[  131.682933] log:  INFO  release_pages: 0xf7f07000-0xf7f08000    
<30>[  131.725255] virt_mshv_vtl::processor::hardware_cvm:  INFO  modify_gpa_visibility visibility=SHARED pages=0x1
<30>[  131.774779] tdcall:  INFO  tdcall_mem_page_release range=0xf7f08000-0xf7f09000
<30>[  131.831116] log:  INFO  release_pages: 0xf7f08000-0xf7f09000    
<30>[  131.919349] virt_mshv_vtl::processor::hardware_cvm:  INFO  modify_gpa_visibility visibility=SHARED pages=0x1
<30>[  131.955489] tdcall:  INFO  tdcall_mem_page_release range=0xf7f09000-0xf7f0a000
<30>[  131.992793] log:  INFO  release_pages: 0xf7f09000-0xf7f0a000    
<30>[  132.045211] virt_mshv_vtl::processor::hardware_cvm:  INFO  modify_gpa_visibility visibility=SHARED pages=0x1
<30>[  132.116207] tdcall:  INFO  tdcall_mem_page_release range=0xf7f0a000-0xf7f0b000
<30>[  132.152182] log:  INFO  release_pages: 0xf7f0a000-0xf7f0b000    
<30>[  132.211431] virt_mshv_vtl::processor::hardware_cvm:  INFO  modify_gpa_visibility visibility=SHARED pages=0x1
<30>[  132.261850] tdcall:  INFO  tdcall_mem_page_release range=0xf7f0b000-0xf7f0c000
<30>[  132.295484] log:  INFO  release_pages: 0xf7f0b000-0xf7f0c000    
<30>[  132.346127] virt_mshv_vtl::processor::hardware_cvm:  INFO  modify_gpa_visibility visibility=SHARED pages=0x1
<30>[  132.387265] tdcall:  INFO  tdcall_mem_page_release range=0xf7f0c000-0xf7f0d000
<30>[  132.412781] log:  INFO  release_pages: 0xf7f0c000-0xf7f0d000    
<30>[  132.457028] virt_mshv_vtl::processor::hardware_cvm:  INFO  modify_gpa_visibility visibility=SHARED pages=0x1
<30>[  132.492746] tdcall:  INFO  tdcall_mem_page_release range=0xf7f0d000-0xf7f0e000
<30>[  132.542945] log:  INFO  release_pages: 0xf7f0d000-0xf7f0e000    
<30>[  132.627565] virt_mshv_vtl::processor::hardware_cvm:  INFO  modify_gpa_visibility visibility=SHARED pages=0x1
<30>[  132.678686] tdcall:  INFO  tdcall_mem_page_release range=0xf7f0e000-0xf7f0f000
<30>[  132.712727] log:  INFO  release_pages: 0xf7f0e000-0xf7f0f000    
<30>[  132.769689] virt_mshv_vtl::processor::hardware_cvm:  INFO  modify_gpa_visibility visibility=SHARED pages=0x1
<30>[  132.841494] tdcall:  INFO  tdcall_mem_page_release range=0xf7f0f000-0xf7f10000
<30>[  132.871726] log:  INFO  release_pages: 0xf7f0f000-0xf7f10000    
<30>[  132.905618] virt_mshv_vtl::processor::hardware_cvm:  INFO  modify_gpa_visibility visibility=SHARED pages=0x1
<30>[  132.974184] tdcall:  INFO  tdcall_mem_page_release range=0xf7f1d000-0xf7f1e000
<30>[  133.010287] log:  INFO  release_pages: 0xf7f1d000-0xf7f1e000    
<30>[  133.055145] virt_mshv_vtl::processor::hardware_cvm:  INFO  modify_gpa_visibility visibility=SHARED pages=0x1
<30>[  133.109718] tdcall:  INFO  tdcall_mem_page_release range=0xf7f1e000-0xf7f1f000
<30>[  133.144887] log:  INFO  release_pages: 0xf7f1e000-0xf7f1f000    
<30>[  133.202590] virt_mshv_vtl::processor::hardware_cvm:  INFO  modify_gpa_visibility visibility=SHARED pages=0x1
<30>[  133.257235] tdcall:  INFO  tdcall_mem_page_release range=0xf7e19000-0xf7e1a000
<30>[  133.296949] log:  INFO  release_pages: 0xf7e19000-0xf7e1a000    
<30>[  133.350538] virt_mshv_vtl::processor::hardware_cvm:  INFO  modify_gpa_visibility visibility=SHARED pages=0x1
<30>[  133.388470] tdcall:  INFO  tdcall_mem_page_release range=0xf7e1a000-0xf7e1b000
<30>[  133.431380] log:  INFO  release_pages: 0xf7e1a000-0xf7e1b000    
<30>[  133.491245] virt_mshv_vtl::processor::hardware_cvm:  INFO  modify_gpa_visibility visibility=SHARED pages=0x1
<30>[  133.549728] tdcall:  INFO  tdcall_mem_page_release range=0xf7e1b000-0xf7e1c000
<30>[  133.559452] log:  INFO  release_pages: 0xf7e1b000-0xf7e1c000    
<30>[  133.638241] virt_mshv_vtl::processor::hardware_cvm:  INFO  modify_gpa_visibility visibility=SHARED pages=0x1
<30>[  133.678892] tdcall:  INFO  tdcall_mem_page_release range=0xf7e1c000-0xf7e1d000
<30>[  133.705257] log:  INFO  release_pages: 0xf7e1c000-0xf7e1d000    
<30>[  133.746926] virt_mshv_vtl::processor::hardware_cvm:  INFO  modify_gpa_visibility visibility=SHARED pages=0x1
<30>[  133.785282] tdcall:  INFO  tdcall_mem_page_release range=0xf7e1d000-0xf7e1e000
<30>[  133.808013] log:  INFO  release_pages: 0xf7e1d000-0xf7e1e000    
<30>[  133.847789] virt_mshv_vtl::processor::hardware_cvm:  INFO  modify_gpa_visibility visibility=SHARED pages=0x1
<30>[  133.886565] tdcall:  INFO  tdcall_mem_page_release range=0xf7e1e000-0xf7e1f000
<30>[  133.941036] log:  INFO  release_pages: 0xf7e1e000-0xf7e1f000    
<30>[  134.010384] virt_mshv_vtl::processor::hardware_cvm:  INFO  modify_gpa_visibility visibility=SHARED pages=0x1
<30>[  134.041556] tdcall:  INFO  tdcall_mem_page_release range=0xf7e12000-0xf7e13000
<30>[  134.069178] log:  INFO  release_pages: 0xf7e12000-0xf7e13000    
<30>[  134.107069] virt_mshv_vtl::processor::hardware_cvm:  INFO  modify_gpa_visibility visibility=SHARED pages=0x1
<30>[  134.169584] tdcall:  INFO  tdcall_mem_page_release range=0xf7e13000-0xf7e14000
<30>[  134.233887] log:  INFO  release_pages: 0xf7e13000-0xf7e14000    
<30>[  134.314029] virt_mshv_vtl::processor::hardware_cvm:  INFO  modify_gpa_visibility visibility=SHARED pages=0x1
<30>[  134.366651] tdcall:  INFO  tdcall_mem_page_release range=0xf7e14000-0xf7e15000
<30>[  134.399801] log:  INFO  release_pages: 0xf7e14000-0xf7e15000    
<30>[  134.470966] virt_mshv_vtl::processor::hardware_cvm:  INFO  modify_gpa_visibility visibility=SHARED pages=0x1
<30>[  134.518632] tdcall:  INFO  tdcall_mem_page_release range=0xf7e15000-0xf7e16000
<30>[  134.553328] log:  INFO  release_pages: 0xf7e15000-0xf7e16000    
<30>[  134.612951] virt_mshv_vtl::processor::hardware_cvm:  INFO  modify_gpa_visibility visibility=SHARED pages=0x1
<30>[  134.657708] tdcall:  INFO  tdcall_mem_page_release range=0xf7e16000-0xf7e17000
<30>[  134.707958] log:  INFO  release_pages: 0xf7e16000-0xf7e17000    
<30>[  134.776946] virt_mshv_vtl::processor::hardware_cvm:  INFO  modify_gpa_visibility visibility=SHARED pages=0x1
<30>[  134.828269] tdcall:  INFO  tdcall_mem_page_release range=0xf7e17000-0xf7e18000
<30>[  134.869729] log:  INFO  release_pages: 0xf7e17000-0xf7e18000    
<30>[  134.931163] virt_mshv_vtl::processor::hardware_cvm:  INFO  modify_gpa_visibility visibility=SHARED pages=0x1
<30>[  134.977946] tdcall:  INFO  tdcall_mem_page_release range=0xf7e18000-0xf7e19000
<30>[  134.999483] log:  INFO  release_pages: 0xf7e18000-0xf7e19000    
<30>[  135.067578] vpci::device:  INFO  parsing vpci packet message_type=ASSIGNED_RESOURCES3
<30>[  135.092143] vpci::device:  INFO  parsed mmio_ranges from ASSIGNED_RESOURCES* packet mmio_ranges=[MmioResource { address: fefefc000, len: 2000 }, MmioResource { address: 0, len: 0 }, MmioResource { address: 0, len: 0 }, MmioResource { address: 0, len: 0 }, MmioResource { address: fefec0000, len: 20000 }, MmioResource { address: 0, len: 0 }]
<30>[  135.196261] vpci_relay:  INFO  RelayedVpciDevice::pci_cfg_write routing to VpciDevice offset=0x10 value="0xefefc000"
<30>[  135.237688] vpci_client:  INFO  VpciDevice::write_cfg called offset=0x10 mmio_addr=0xfeff81010 value=0xefefc000
<30>[  135.274886] vpci_client:  INFO  BAR probe/write: guest wrote value, will shadow until MMIO enabled bar_index=0x0 offset=0x10 guest_wrote="0xefefc000" bar_mask="0xffffe00c" bar_rao="0xc" final_shadow_value="0xefefc00c"
<30>[  135.353063] vpci_relay:  INFO  RelayedVpciDevice::pci_cfg_write routing to VpciDevice offset=0x14 value="0xf"
<30>[  135.418732] vpci_client:  INFO  VpciDevice::write_cfg called offset=0x14 mmio_addr=0xfeff81014 value=0xf
<30>[  135.459637] vpci_client:  INFO  BAR probe/write: guest wrote value, will shadow until MMIO enabled bar_index=0x1 offset=0x14 guest_wrote="0xf" bar_mask="0xffffffff" bar_rao="0x0" final_shadow_value="0xf"
<30>[  135.547071] vpci_relay:  INFO  RelayedVpciDevice::pci_cfg_write routing to VpciDevice offset=0x18 value="0x0"
<30>[  135.591235] vpci_client:  INFO  VpciDevice::write_cfg called offset=0x18 mmio_addr=0xfeff81018 value=0x0
<30>[  135.638882] vpci_client:  INFO  BAR probe/write: guest wrote value, will shadow until MMIO enabled bar_index=0x2 offset=0x18 guest_wrote="0x0" bar_mask="0x0" bar_rao="0x0" final_shadow_value="0x0"
<30>[  135.736805] vpci_relay:  INFO  RelayedVpciDevice::pci_cfg_write routing to VpciDevice offset=0x1c value="0x0"
<30>[  135.791645] vpci_client:  INFO  VpciDevice::write_cfg called offset=0x1c mmio_addr=0xfeff8101c value=0x0
<30>[  135.831649] vpci_client:  INFO  BAR probe/write: guest wrote value, will shadow until MMIO enabled bar_index=0x3 offset=0x1c guest_wrote="0x0" bar_mask="0x0" bar_rao="0x0" final_shadow_value="0x0"
<30>[  135.919728] vpci_relay:  INFO  RelayedVpciDevice::pci_cfg_write routing to VpciDevice offset=0x20 value="0xefec0000"
<30>[  135.959506] vpci_client:  INFO  VpciDevice::write_cfg called offset=0x20 mmio_addr=0xfeff81020 value=0xefec0000
<30>[  136.002715] vpci_client:  INFO  BAR probe/write: guest wrote value, will shadow until MMIO enabled bar_index=0x4 offset=0x20 guest_wrote="0xefec0000" bar_mask="0xfffe000c" bar_rao="0xc" final_shadow_value="0xefec000c"
<30>[  136.084691] vpci_relay:  INFO  RelayedVpciDevice::pci_cfg_write routing to VpciDevice offset=0x24 value="0xf"
<30>[  136.121921] vpci_client:  INFO  VpciDevice::write_cfg called offset=0x24 mmio_addr=0xfeff81024 value=0xf
<30>[  136.160083] vpci_client:  INFO  BAR probe/write: guest wrote value, will shadow until MMIO enabled bar_index=0x5 offset=0x24 guest_wrote="0xf" bar_mask="0xffffffff" bar_rao="0x0" final_shadow_value="0xf"
<30>[  136.246536] vpci::device:  INFO  parsing vpci packet message_type=DEVICE_POWER_STATE_CHANGE
<30>[  136.316686] vpci_relay:  INFO  RelayedVpciDevice::pci_cfg_write routing to VpciDevice offset=0x4 value="0x100002"
<30>[  136.335567] vpci_client:  INFO  VpciDevice::write_cfg called offset=0x4 mmio_addr=0xfeff81004 value=0x100002
<30>[  136.364689] vpci_client:  INFO  MMIO enable transition: flushing BAR shadows to host
<30>[  136.396557] vpci_client:  INFO  Flushing BAR to host config space bar_index=0x0 bar_offset=0x10 mmio_range_addr="0xefefc00c"
<30>[  136.430510] vpci_client:  INFO  host config space write id=DeviceId { slot: SlotNumber { device: 0, function: 0, reserved: 0 }, seq: 1 } offset=0x10 addr=0xfeff81010 value=0xefefc00c
<30>[  136.477403] vpci_client:  INFO  Flushing BAR to host config space bar_index=0x1 bar_offset=0x14 mmio_range_addr="0xf"
<30>[  136.503034] vpci_client:  INFO  host config space write id=DeviceId { slot: SlotNumber { device: 0, function: 0, reserved: 0 }, seq: 1 } offset=0x14 addr=0xfeff81014 value=0xf
<30>[  136.532451] vpci_client:  INFO  Flushing BAR to host config space bar_index=0x2 bar_offset=0x18 mmio_range_addr="0x0"
<30>[  136.552148] vpci_client:  INFO  host config space write id=DeviceId { slot: SlotNumber { device: 0, function: 0, reserved: 0 }, seq: 1 } offset=0x18 addr=0xfeff81018 value=0x0
<30>[  136.586474] vpci_client:  INFO  Flushing BAR to host config space bar_index=0x3 bar_offset=0x1c mmio_range_addr="0x0"
<30>[  136.604853] vpci_client:  INFO  host config space write id=DeviceId { slot: SlotNumber { device: 0, function: 0, reserved: 0 }, seq: 1 } offset=0x1c addr=0xfeff8101c value=0x0
<30>[  136.640792] vpci_client:  INFO  Flushing BAR to host config space bar_index=0x4 bar_offset=0x20 mmio_range_addr="0xefec000c"
<30>[  136.666038] vpci_client:  INFO  host config space write id=DeviceId { slot: SlotNumber { device: 0, function: 0, reserved: 0 }, seq: 1 } offset=0x20 addr=0xfeff81020 value=0xefec000c
<30>[  136.693053] vpci_client:  INFO  Flushing BAR to host config space bar_index=0x5 bar_offset=0x24 mmio_range_addr="0xf"
<30>[  136.711695] vpci_client:  INFO  host config space write id=DeviceId { slot: SlotNumber { device: 0, function: 0, reserved: 0 }, seq: 1 } offset=0x24 addr=0xfeff81024 value=0xf
<30>[  136.753295] vpci_client:  INFO  BAR flush complete: all MMIO ranges sent to host
<30>[  136.772063] vpci_client:  INFO  host config space write id=DeviceId { slot: SlotNumber { device: 0, function: 0, reserved: 0 }, seq: 1 } offset=0x4 addr=0xfeff81004 value=0x100002
<28>[  140.001298] vpci_client:  WARN  skipping TDG.TDI.MMIO.ACCEPT because no InterfaceReport MMIO range matched BAR page count bar_index=0x0 mmio_base_addr=0xfefefc000 mmio_len=0x2000 bar_num_4k_pages=0x2 tdi_mmio_ranges=[TdiMmioRangeInfo { num_4k_pages: 20, is_non_tee_mem: false }, TdiMmioRangeInfo { num_4k_pages: 2, is_non_tee_mem: true }] gfunction_id=0xb803
<30>[  140.102650] vpci_client:  INFO  TDG.MEM.PAGE.ATTR.WR call succeeded mmio_base_addr=0xfefec0000 range_end=0xfefee0000 range_size_offset=0x20 attributes=TdgMemPageGpaAttr { l1: GpaVmAttributes { read: false, write: false, kernel_execute: false, user_execute: false, reserved: 0, suppress_ve: false, reserved2: 0, valid: false }, l2_vm1: GpaVmAttributes { read: true, write: true, kernel_execute: false, user_execute: false, reserved: 0, suppress_ve: false, reserved2: 0, valid: true }, l2_vm2: GpaVmAttributes { read: false, write: false, kernel_execute: false, user_execute: false, reserved: 0, suppress_ve: false, reserved2: 0, valid: false }, l2_vm3: GpaVmAttributes { read: false, write: false, kernel_execute: false, user_execute: false, reserved: 0, suppress_ve: false, reserved2: 0, valid: false } } mask=TdgMemPageAttrWriteR8 { reserved: 0, l2_vm1: GpaVmAttributesMask { read: true, write: true, kernel_execute: false, user_execute: false, reserved: 0, suppress_ve: false, reser
<30>[  140.102658] vpci_client: ved2: 0, inv_ept: false }, l2_vm2: GpaVmAttributesMask { read: false, write: false, kernel_execute: false, user_execute: false, reserved: 0, suppress_ve: false, reserved2: 0, inv_ept: false }, l2_vm3: GpaVmAttributesMask { read: false, write: false, kernel_execute: false, user_execute: false, reserved: 0, suppress_ve: false, reserved2: 0, inv_ept: false } }
<30>[  140.431436] log:  INFO  tdcall_tdi_mmio_accept mmio_base_addr=fefec0000 mmio_range_idx=0 gfunction_id=b803 range_size_offset=20 returned_rcx=fefec0000 returned_r9=20 tdcall_result=0    
<30>[  140.477337] vpci::bus:  INFO  VPCI bus MMIO write (SlotNumber) addr=0xfefefe000 data=[00, 00, 00, 00]
<30>[  140.516833] vpci::bus:  INFO  VPCI bus MMIO read addr=0xfefeff082
<30>[  140.576106] vpci::bus:  INFO  VPCI bus MMIO write (SlotNumber) addr=0xfefefe000 data=[00, 00, 00, 00]
<30>[  140.596066] vpci::bus:  INFO  VPCI bus MMIO write (ConfigSpace) addr=0xfefeff082 cfg_offset=0x82 data=[84, 03]
<30>[  140.641057] vpci_relay:  INFO  RelayedVpciDevice::pci_cfg_write routing to VpciDevice offset=0x80 value="0x3840005"
<30>[  140.657606] vpci_client:  INFO  VpciDevice::write_cfg called offset=0x80 mmio_addr=0xfeff81080 value=0x3840005
<30>[  140.676437] vpci_client:  INFO  host config space write id=DeviceId { slot: SlotNumber { device: 0, function: 0, reserved: 0 }, seq: 1 } offset=0x80 addr=0xfeff81080 value=0x3840005
<30>[  140.712757] vpci::bus:  INFO  VPCI bus MMIO write (SlotNumber) addr=0xfefefe000 data=[00, 00, 00, 00]
<30>[  140.724258] vpci::bus:  INFO  VPCI bus MMIO read addr=0xfefeff082
<30>[  140.756805] vpci::bus:  INFO  VPCI bus MMIO write (SlotNumber) addr=0xfefefe000 data=[00, 00, 00, 00]
<30>[  140.769546] vpci::bus:  INFO  VPCI bus MMIO write (ConfigSpace) addr=0xfefeff084 cfg_offset=0x84 data=[70, 18, e0, fe]
<30>[  140.795560] vpci_relay:  INFO  RelayedVpciDevice::pci_cfg_write routing to VpciDevice offset=0x84 value="0xfee01870"
<30>[  140.826759] vpci_client:  INFO  VpciDevice::write_cfg called offset=0x84 mmio_addr=0xfeff81084 value=0xfee01870
<30>[  140.854067] vpci_client:  INFO  host config space write id=DeviceId { slot: SlotNumber { device: 0, function: 0, reserved: 0 }, seq: 1 } offset=0x84 addr=0xfeff81084 value=0xfee01870
<30>[  140.918055] vpci::bus:  INFO  VPCI bus MMIO write (SlotNumber) addr=0xfefefe000 data=[00, 00, 00, 00]
<30>[  140.932131] vpci::bus:  INFO  VPCI bus MMIO write (ConfigSpace) addr=0xfefeff088 cfg_offset=0x88 data=[00, 00, 00, 00]
<30>[  140.956752] vpci_relay:  INFO  RelayedVpciDevice::pci_cfg_write routing to VpciDevice offset=0x88 value="0x0"
<30>[  140.993358] vpci_client:  INFO  VpciDevice::write_cfg called offset=0x88 mmio_addr=0xfeff81088 value=0x0
<30>[  141.027582] vpci_client:  INFO  host config space write id=DeviceId { slot: SlotNumber { device: 0, function: 0, reserved: 0 }, seq: 1 } offset=0x88 addr=0xfeff81088 value=0x0
<30>[  141.086504] vpci::bus:  INFO  VPCI bus MMIO write (SlotNumber) addr=0xfefefe000 data=[00, 00, 00, 00]
<30>[  141.094727] vpci::bus:  INFO  VPCI bus MMIO write (ConfigSpace) addr=0xfefeff08c cfg_offset=0x8c data=[00, 00]
<30>[  141.126158] vpci_relay:  INFO  RelayedVpciDevice::pci_cfg_write routing to VpciDevice offset=0x8c value="0x0"
<30>[  141.136059] vpci_client:  INFO  VpciDevice::write_cfg called offset=0x8c mmio_addr=0xfeff8108c value=0x0
<30>[  141.158629] vpci_client:  INFO  host config space write id=DeviceId { slot: SlotNumber { device: 0, function: 0, reserved: 0 }, seq: 1 } offset=0x8c addr=0xfeff8108c value=0x0
<30>[  141.227765] vpci::bus:  INFO  VPCI bus MMIO write (SlotNumber) addr=0xfefefe000 data=[00, 00, 00, 00]
<30>[  141.244225] vpci::bus:  INFO  VPCI bus MMIO write (ConfigSpace) addr=0xfefeff090 cfg_offset=0x90 data=[fe, ff, ff, ff]
<30>[  141.255347] vpci_relay:  INFO  RelayedVpciDevice::pci_cfg_write routing to VpciDevice offset=0x90 value="0xfffffffe"
<30>[  141.270812] vpci_client:  INFO  VpciDevice::write_cfg called offset=0x90 mmio_addr=0xfeff81090 value=0xfffffffe
<30>[  141.291960] vpci_client:  INFO  host config space write id=DeviceId { slot: SlotNumber { device: 0, function: 0, reserved: 0 }, seq: 1 } offset=0x90 addr=0xfeff81090 value=0xfffffffe
<30>[  141.380046] vpci::bus:  INFO  VPCI bus MMIO write (SlotNumber) addr=0xfefefe000 data=[00, 00, 00, 00]
<30>[  141.393509] vpci::bus:  INFO  VPCI bus MMIO write (ConfigSpace) addr=0xfefeff082 cfg_offset=0x82 data=[85, 03]
<30>[  141.432750] vpci_relay:  INFO  RelayedVpciDevice::pci_cfg_write routing to VpciDevice offset=0x80 value="0x3850005"
<30>[  141.445988] vpci_client:  INFO  VpciDevice::write_cfg called offset=0x80 mmio_addr=0xfeff81080 value=0x3850005
<30>[  141.459172] vpci_client:  INFO  host config space write id=DeviceId { slot: SlotNumber { device: 0, function: 0, reserved: 0 }, seq: 1 } offset=0x80 addr=0xfeff81080 value=0x3850005
<28>[  141.497639] virt_mshv_vtl::processor::hardware_cvm:  WARN  guest accessed gpa not described in memory layout, emulating anyways gpa=0x800feffe1000 vtl=Vtl0 is_shared=true extra_info=VmxEptExitQualification { access_mask: 2, ept_access_mask: 0, gva_valid: true, caused_by_gpa_access: true, gva_user: false, gva_read_write: true, gva_no_execute: true, nmi_unmasking_due_to_iret: false, shadow_stack: false, ept_supervisor_shadow_stack: false, reserved: 0 }
<28>[  141.541216] virt_mshv_vtl::processor::hardware_cvm:  WARN  guest accessed gpa not described in memory layout, emulating anyways gpa=0x800feffde200 vtl=Vtl0 is_shared=true extra_info=VmxEptExitQualification { access_mask: 2, ept_access_mask: 0, gva_valid: true, caused_by_gpa_access: true, gva_user: false, gva_read_write: true, gva_no_execute: true, nmi_unmasking_due_to_iret: false, shadow_stack: false, ept_supervisor_shadow_stack: false, reserved: 0 }
<28>[  141.591436] virt_mshv_vtl::processor::hardware_cvm:  WARN  guest accessed gpa not described in memory layout, emulating anyways gpa=0x800feffe1000 vtl=Vtl0 is_shared=true extra_info=VmxEptExitQualification { access_mask: 2, ept_access_mask: 0, gva_valid: true, caused_by_gpa_access: true, gva_user: false, gva_read_write: true, gva_no_execute: true, nmi_unmasking_due_to_iret: false, shadow_stack: false, ept_supervisor_shadow_stack: false, reserved: 0 }
